car_name,variant_name,image,price
Tata Nano Genx,Xt,https://cdni.autocarindia.com/ExtraImages/20190130064236_Tata-Nano.jpg,"Rs. 2,92,667"
Tata Nano Genx,Xe,https://img.indianautosblog.com/2018/02/Datsun-redi-GO-1.0-AMT-front-angle-view.jpg,"Rs. 2,79,650"
Tata Nano Genx,Emax Xm,https://static.india.com/wp-content/uploads/2022/08/AltoK10.jpg?impolicy=Medium_Resize&w=1200&h=800,"Rs. 3,51,832"
Tata Nano Genx,Xta,https://cdni.autocarindia.com/Utils/ImageResizer.ashx?n=https://cdni.autocarindia.com/Galleries/20130715084527_web1.jpg,"Rs. 3,33,419"
Tata Nano Genx,Xm,https://www.marutisuzuki.com/tour-h2-brochure/images/cover.jpg,"Rs. 3,62,000"
Tata Nano Genx,Xma,https://stimg.cardekho.com/images/carexteriorimages/930x620/Hyundai/Santro/7457/1644827486248/front-left-side-47.jpg,"Rs. 3,90,000"
Datsun Redi-Go,D,https://imgd.aeplcdn.com/642x361/n/cw/ec/171229/tata-tiago-left-front-three-quarter17.jpeg?isig=0&wm=1&q=75,"Rs. 4,37,065"
Datsun Redi-Go,T,https://encrypted-tbn0.gstatic.com/images?q=tbn:ANd9GcSlIUG8W5eFB4CHoPsTXMnUo57z7zFfccKDRQ&s,"Rs. 3,53,290"
Datsun Redi-Go,A,https://cdni.autocarindia.com/Utils/ImageResizer.ashx?n=https://cdni.autocarindia.com/ExtraImages/20200218111513_Maruti-Ignis-facelift.jpg&w=700&c=1,"Rs. 2,83,290"
Datsun Redi-Go,S,https://upload.wikimedia.org/wikipedia/commons/thumb/f/f3/2021_Renault_Triber_RXZ_%28Indonesia%29_front_view.jpg/1200px-2021_Renault_Triber_RXZ_%28Indonesia%29_front_view.jpg,"Rs. 3,83,290"
Datsun Redi-Go,1.0 S,https://imgd.aeplcdn.com/600x337/cw/ec/25016/Toyota-Etios-Liva-facelift-80450.jpg?wm=1&q=75,"Rs. 4,13,290"
Datsun Redi-Go,1.0 S Amt,https://images.carandbike.com/car-images/large/nissan/micra-active/nissan-micra-active.jpg?v=8,"Rs. 4,33,290"
Datsun Redi-Go,Rxe 0.8,https://imgd.aeplcdn.com/664x374/ec/bb/D5/17402/img/ol/Tata-Bolt-Right-Front-Three-Quarter-47397.jpg?v=201711021421&q=80,"Rs. 4,54,490"
Datsun Redi-Go,Std 0.8,"https://img.etimg.com/thumb/width-1600,height-900,imgsize-108232,resizemode-75,msid-31890811/hyundai-xcent-sedan-launched-at-a-starting-price-of-rs-4-66-lakh.jpg","Rs. 4,63,290"
Datsun Redi-Go,Rxl 0.8,https://cdni.autocarindia.com/Utils/ImageResizer.ashx?n=https://cdni.autocarindia.com/ExtraImages/20230210032948_WhatsApp_Image_2023_02_10_at_1.png&w=700&c=1,"Rs. 4,84,490"
Datsun Redi-Go,Rxt 0.8,https://akm-img-a-in.tosshub.com/indiatoday/images/story/202003/Hyundai_Elite_i20_Petrol_BS6_I.png?size=690:388,"Rs. 4,40,990"
Datsun Redi-Go,Rxt 1.0,https://imgd-ct.aeplcdn.com/664x415/n/cw/ec/139133/aura-exterior-left-front-three-quarter.jpeg?isig=0&q=80,"Rs. 4,70,990"
Datsun Redi-Go,Climber 1.0 Mt,https://www.livemint.com/lm-img/img/2024/03/23/600x338/2-0-576043766-Volkswagen-Polo-GTI-0_1680268918249_1711167306420.JPG,"Rs. 4,62,190"
Datsun Redi-Go,Rxt Amt 1.0,https://stimg.cardekho.com/images/carexteriorimages/930x620/Maruti/Swift-Dzire/10243/1686044076724/front-left-side-47.jpg,"Rs. 4,92,190"
Datsun Redi-Go,Climber Amt 1.0,https://www.v3cars.com/media/model-imgs/1625903172-Ford-Freestyle.jpg,"Rs. 3,77,588"
Datsun Redi-Go,Rxt (O) 1.0,"https://img.etb2bimg.com/imgv2/width-368,height-311,resize_mode-1/retail_files/ameo-1504178657-prod-var.jpg","Rs. 3,94,036"
Datsun Redi-Go,Rxt (O) Amt 1.0,https://images.thequint.com/thequint%2F2015-10%2F8c375644-435f-441a-9ce5-b29859fed5e3%2FFord-Figo-Aspire-Hero.jpg?auto=format%2Ccompress&fmt=webp&width=720&w=1200,"Rs. 3,60,843"
Datsun Redi-Go,Climber (O) Mt 1.0,https://auto.economictimes.indiatimes.com/files/retail_files/platinum-etios-1504001089-prod-var.jpg,"Rs. 4,07,238"
Datsun Redi-Go,Climber (O) Amt 1.0,https://stimg.cardekho.com/images/carexteriorimages/360x240/Toyota/Toyota-Etios-Cross/047.jpg,"Rs. 4,39,777"
Maruti Suzuki Alto K10,Lxi,https://encrypted-tbn0.gstatic.com/images?q=tbn:ANd9GcScLAfa-U2aIEJZ0sdU7hH4HixHrBhQOAO3_w&s,"Rs. 4,38,559"
Maruti Suzuki Alto K10,Vxi,https://i.ndtvimg.com/i/2016-09/fiat-avventura-urban-cross_827x510_51474447410.jpg,"Rs. 3,74,990"
Maruti Suzuki Alto K10,Lx,https://imgd.aeplcdn.com/1920x1080/n/cw/ec/112839/glanza-exterior-left-front-three-quarter.jpeg?isig=0&q=80&q=80,"Rs. 4,68,229"
Maruti Suzuki Alto K10,Vxi (O),https://imgd.aeplcdn.com/1280x720/ec/79/0E/14428/img/m/Fiat-Avventura-Front-view-31590_ol.jpg?t=153152420&t=153152420,"Rs. 5,02,492"
Maruti Suzuki Alto K10,Lxi Cng (O),https://cdni.autocarindia.com/Utils/ImageResizer.ashx?n=https://cdni.autocarindia.com/ExtraImages/20150613012140_1.JPG&w=700&c=1,"Rs. 4,99,990"
Maruti Suzuki Alto K10,Vxi Amt (O),https://stimg.cardekho.com/images/carexteriorimages/930x620/Jeep/Jeep-Trailhawk/6974/1561461281768/front-left-side-47.jpg,"Rs. 4,69,990"
Datsun Go,D,https://encrypted-tbn0.gstatic.com/images?q=tbn:ANd9GcT2E095TBF7FV-rgokxWM82CAG44mRp_VVazA&s,"Rs. 5,28,464"
Datsun Go,T,https://www.carandbike.com/_next/image?url=https%3A%2F%2Fimages.carandbike.com%2Fcms%2Farticles%2F2023%2F10%2F2012424%2Fsro4jl74_mahindra_alturas_g4_review_625x300_21_November_18_00c50c9970.webp&w=640&q=75,"Rs. 5,53,015"
Datsun Go,T (O),https://encrypted-tbn0.gstatic.com/images?q=tbn:ANd9GcRPkah3r9PqauF8hRjzVH_rOyunSlBFK25ChA&s,"Rs. 5,94,464"
Datsun Go,A (O),https://imgd-ct.aeplcdn.com/664x415/cw/ec/34457/Honda-CRV-Exterior-151102.jpg?wm=1&q=80,"Rs. 6,18,015"
Datsun Go,A,https://encrypted-tbn0.gstatic.com/images?q=tbn:ANd9GcT1MvN3b11TaIExRtj0LSt6yS6pfHyxU8_h3Q&s,"Rs. 4,22,444"
Datsun Go,T Vdc,https://autotijd.be/images/audi/2024/a3-berline/facelift/audi-a3-berline-2024-01.jpg,"Rs. 4,80,670"
Datsun Go,T (O) Vdc,https://encrypted-tbn0.gstatic.com/images?q=tbn:ANd9GcQKJn8QA-GW2qGCX-qYVwJTA7kYO9uwtd5bYA&s,"Rs. 4,29,990"
Datsun Go,T Cvt,https://imgd.aeplcdn.com/664x374/cw/ec/22898/MercedesBenz-CLA-Facelift-Exterior-70480.jpg?v=201711021421&q=80,"Rs. 5,03,990"
Datsun Go,T (O) Cvt,https://encrypted-tbn0.gstatic.com/images?q=tbn:ANd9GcTG8__g0L9YwQbLNzK2n44pGr-1xo_qZ02iqQ&s,"Rs. 5,47,990"
Maruti Suzuki Celerio Tour,H2,https://www.carandbike.com/_next/image?url=http%3A%2F%2Fi.ndtvimg.com%2Fi%2F2015-10%2Fdc-avanti_827x510_41445247609.jpg&w=640&q=75,"Rs. 5,30,990"
Maruti Suzuki Celerio Tour,H2 Cng,https://encrypted-tbn0.gstatic.com/images?q=tbn:ANd9GcTW7AqfSF3z-aBziIKL5cvXyXKTov4O4Lq3KQ&s,"Rs. 5,12,990"
Hyundai Santro,Era Mt,https://encrypted-tbn0.gstatic.com/images?q=tbn:ANd9GcR0OhxTY2oajoVlFaJ3nwssvOzhU1fqOVcAMQ&s,"Rs. 5,78,990"
Hyundai Santro,Magna Mt,https://stimg.cardekho.com/images/carexteriorimages/930x620/Mini/Cooper-Convertible/5182/1647857852543/front-left-side-47.jpg,"Rs. 5,70,990"
Hyundai Santro,Magna Mt Cng,https://www.financialexpress.com/wp-content/uploads/2022/09/20220912075305-XC40-launch.jpg?w=700,"Rs. 5,56,490"
Hyundai Santro,Magna Amt,https://encrypted-tbn0.gstatic.com/images?q=tbn:ANd9GcTw5ZGr02HNgEsTsBZG-HKHU_-UdzgQkAkljg&s,"Rs. 4,60,000"
Hyundai Santro,Sportz Mt,https://www.autocar.co.uk/sites/autocar.co.uk/files/audi-a4-rt-2015-0024_0.jpg,"Rs. 5,20,000"
Hyundai Santro,Sportz Mt Cng,https://encrypted-tbn0.gstatic.com/images?q=tbn:ANd9GcQ7yhnrIQofqS6sp3FyxFItLAVi6j5QE2nMFQ&s,"Rs. 5,70,000"
Hyundai Santro,Sportz Amt,https://car-images.bauersecure.com/wp-images/3364/xe_100.jpg,"Rs. 5,99,000"
Hyundai Santro,Asta Mt,https://cdn.motor1.com/images/mgl/LZMpW/s3/2021-jaguar-xf-front.jpg,"Rs. 6,10,000"
Tata Tiago,Revotron Xe,https://encrypted-tbn0.gstatic.com/images?q=tbn:ANd9GcQUJ7iY3wYpMKi1ZKYey8aN8w9vvk6F9-vxFg&s,"Rs. 6,20,000"
Tata Tiago,Revotron Xt,https://encrypted-tbn0.gstatic.com/images?q=tbn:ANd9GcRE5Ks2GBr87gSCxA2MsmKXhG73b2WMplSzEQ&s,"Rs. 6,49,000"
Tata Tiago,Revotron Xz,https://imgd.aeplcdn.com/664x374/n/cw/ec/110503/x3-exterior-left-front-three-quarter.jpeg?isig=0&q=80,"Rs. 6,60,000"
Tata Tiago,Revotron Xz Plus,https://encrypted-tbn0.gstatic.com/images?q=tbn:ANd9GcQcYtjKXvrzpR9b-VPwop0hqDZZ6DZbHQparA&s,"Rs. 4,81,074"
Tata Tiago,Revotron Xz Plus Dual Tone,https://imgd.aeplcdn.com/664x374/n/cw/ec/131145/s90-exterior-left-front-three-quarter.jpeg?isig=0&q=80,"Rs. 4,75,198"
Tata Tiago,Revotron Xza,https://imgd.aeplcdn.com/1920x1080/n/cw/ec/51378/s5-sportback-exterior-left-front-three-quarter-2.jpeg?q=80&q=80,"Rs. 5,18,198"
Tata Tiago,Revotron Xza Plus,https://encrypted-tbn0.gstatic.com/images?q=tbn:ANd9GcQOoOr0ZS7vANgrxqJup9EK5pfRjQLQTrNIYA&s,"Rs. 5,24,074"
Tata Tiago,Revotron Xza Plus Dual Tone,https://encrypted-tbn0.gstatic.com/images?q=tbn:ANd9GcSN9amwjcdph5acoFQZQghYiBBR_j1Pk2PAWw&s,"Rs. 4,99,734"
Maruti Suzuki Celerio X,Vxi (O),https://encrypted-tbn0.gstatic.com/images?q=tbn:ANd9GcSh44uiFy9icQxVKGk_1B4hz2SMzHvDuykd5A&s,"Rs. 5,40,350"
Maruti Suzuki Celerio X,Vxi,,"Rs. 5,42,735"
Maruti Suzuki Celerio X,Vxi Amt,,"Rs. 5,52,350"
Maruti Suzuki Celerio X,Vxi Amt (O),https://www.financialexpress.com/wp-content/uploads/2023/12/Mercedes-Benz-GLS.jpg,"Rs. 7,13,898"
Maruti Suzuki Celerio X,Zxi,https://encrypted-tbn0.gstatic.com/images?q=tbn:ANd9GcQHo9ARsa3D1l6AQSPKgJcP0pfH9O0Mh1U4LA&s,"Rs. 6,66,898"
Maruti Suzuki Celerio X,Zxi (O),https://encrypted-tbn0.gstatic.com/images?q=tbn:ANd9GcQiBB_-8jy_zGsq8Pk7EWSqP000Ui2punmBKA&s,"Rs. 6,07,841"
Maruti Suzuki Celerio X,Zxi Amt,"https://hips.hearstapps.com/hmg-prod/images/2023-audi-rs-5-coupe-101-1664913723.jpg?crop=0.493xw:0.553xh;0.147xw,0.308xh&resize=768:*","Rs. 5,60,841"
Maruti Suzuki Celerio X,Zxi Amt (O),https://encrypted-tbn0.gstatic.com/images?q=tbn:ANd9GcROR8a3lqakjHz5jIwR-F87OkMTrwrfJBmS8g&s,"Rs. 4,83,320"
Maruti Suzuki Ignis,Alpha 1.2 Amt,https://www.autocar.co.uk/sites/autocar.co.uk/files/styles/gallery_slide/public/audi-q8-review-2023-001-tracking-front.jpg?itok=t_I9L9Ow,"Rs. 6,30,320"
Maruti Suzuki Ignis,Alpha 1.2 Mt,https://cdn.motor1.com/images/mgl/ge78o/s1/2020-mercedes-s-class-sedan-render.webp,"Rs. 5,83,320"
Maruti Suzuki Ignis,Delta 1.2 Amt,https://www.autocar.co.uk/sites/autocar.co.uk/files/styles/gallery_slide/public/maserqati-levante-v8-ultima-review-01-tracking-front.jpg?itok=WHBMQHsD,"Rs. 4,95,000"
Maruti Suzuki Ignis,Delta 1.2 Mt,https://www.autobest.co.in/uploads/blog/774631014176.jpg,"Rs. 5,59,000"
Maruti Suzuki Ignis,Sigma 1.2 Mt,https://imgctcf.aeplcdn.com/thumbs/p-nc-b-ver19/images/cars/Audi/thumb-1920-971761.jpg?q=75,"Rs. 6,09,000"
Maruti Suzuki Ignis,Zeta 1.2 Amt,"https://hips.hearstapps.com/hmg-prod/images/2024-maserati-granturismo-trofeo-106-6620070b3aa49.jpg?crop=0.545xw:0.409xh;0.0865xw,0.450xh&resize=1200:*","Rs. 6,63,000"
Maruti Suzuki Ignis,Zeta 1.2 Mt,https://encrypted-tbn0.gstatic.com/images?q=tbn:ANd9GcRPWoq6_5FhzDC1-UcgSniteD_kQZq9T4w_qQ&s,"Rs. 5,20,300"
Renault Triber,Rxe,https://encrypted-tbn0.gstatic.com/images?q=tbn:ANd9GcRRG-cxGGanq2D13DgFpguNVlxmRQ-stQKEDQ&s,"Rs. 5,81,000"
Renault Triber,Rxl,https://www.mercedes-benz.co.in/content/india/en/passengercars/models/saloon/mercedes-maybach-s-class/overview/_jcr_content/root/responsivegrid/media_slider/media_slider_item/image.component.damq1.3353605823987.jpg/mercedes-maybach-s-class-z223-teaser-exterior-3302x1858-10-2022.jpg,"Rs. 6,47,800"
Renault Triber,Rxt,https://encrypted-tbn0.gstatic.com/images?q=tbn:ANd9GcTy0cQmhEWgpCn2ht4W-upo7KZPZ20bKAaagQ&s,"Rs. 6,30,000"
Renault Triber,Rxz,https://encrypted-tbn0.gstatic.com/images?q=tbn:ANd9GcQ3WVReubMclB2rTnHpwJib1rfg-tRs34fzKg&s,"Rs. 7,45,000"
Toyota Etios Liva,G,https://imgd-ct.aeplcdn.com/664x415/cw/ec/26933/MercedesBenz-EClass-Cabriolet-Exterior-129489.jpg?wm=0&q=80,"Rs. 7,04,000"
Toyota Etios Liva,V,https://encrypted-tbn0.gstatic.com/images?q=tbn:ANd9GcRkY5j100iRvIVPhydjT319sGG_nCgS61nmtQ&s,"Rs. 5,97,700"
Toyota Etios Liva,Gd,https://www.financialexpress.com/wp-content/uploads/2022/09/new-lamborghini-urus-s-unveiled.jpg,"Rs. 7,20,700"
Toyota Etios Liva,Vx,https://stimg.cardekho.com/images/carexteriorimages/930x620/Bentley/Continental/7771/1708637147871/front-left-side-47.jpg,"Rs. 6,41,700"
Toyota Etios Liva,Vxd,https://encrypted-tbn0.gstatic.com/images?q=tbn:ANd9GcQAG1tQZtRnh3ja_-PvYhXTGFaFgQwrqr2BaA&s,"Rs. 7,56,700"
Toyota Etios Liva,Vd,https://encrypted-tbn0.gstatic.com/images?q=tbn:ANd9GcS7fq9Pom9F6_tMYRD3OxrlroCV_49GvPrQAw&s,"Rs. 5,58,400"
Toyota Etios Liva,Dual Tone V,https://encrypted-tbn0.gstatic.com/images?q=tbn:ANd9GcRNcLg375fCI9GuaxICr59pztAfGZ-RcKAUuQ&s,"Rs. 6,86,000"
Toyota Etios Liva,Dual Tone Vd,"https://hips.hearstapps.com/hmg-prod/amv-prod-cad-assets/images/13q4/551762/2014-ferrari-458-speciale-photo-551763-s-986x603.jpg?crop=0.575xw:0.939xh;0.236xw,0.0611xh&resize=640:*","Rs. 6,62,700"
Toyota Etios Liva,Dual Tone Vx,https://blogger.googleusercontent.com/img/b/R29vZ2xl/AVvXsEgQSjE0t2bDuU36Fy4kl5XYa2IhQlFtbp2phl_CUNKW_avHxrxPgnkhvIa7U8yMpnbXWLwJgs2FV0egNkTZ-q6ndPgpVkCq49WPmWrovHe_G-EGy7JuFw_Ae_npOzwTivwnhGaUN8kUSL_DJKytd5aRJRsviOCyAxgtAyuFttJ7Z4uvbgyHgXeVvUDAPw/s600/3161_main_f.jpg,"Rs. 7,77,700"
Toyota Etios Liva,Dual Tone Vxd,https://encrypted-tbn0.gstatic.com/images?q=tbn:ANd9GcRpWDJCjXruh1nv0oV-P_p9GfIT2Lxmh0PKpA&s,"Rs. 5,25,021"
Toyota Etios Liva,Gx,https://encrypted-tbn0.gstatic.com/images?q=tbn:ANd9GcRWvP7xnwexh0_yGu-fv48xhtCiv9gHOBY2yQ&s,"Rs. 5,99,950"
Toyota Etios Liva,Gxd,https://cdn.motor1.com/images/mgl/0bK33/s1/rolls-royce-cullinan.webp,"Rs. 5,63,133"
Toyota Etios Liva,Vx Dual Tone Limited Edition,https://encrypted-tbn0.gstatic.com/images?q=tbn:ANd9GcQxWHcTprqF2U4FDjXDQyuVdi4OfSq3fcm-Nw&s,"Rs. 7,87,980"
Toyota Etios Liva,Vxd Dual Tone Limited Edition,https://encrypted-tbn0.gstatic.com/images?q=tbn:ANd9GcThz5ygOY5kL5PKKuMi7bP8U0udr1qeOlwtLQ&s,"Rs. 6,61,111"
Nissan Micra Active,Xl,https://www.carandbike.com/_next/image?url=https%3A%2F%2Fimages.carandbike.com%2Fcar-images%2Fbig%2Fmaruti-suzuki%2Falto-800%2Fmaruti-suzuki-alto-800.jpg%3Fv%3D45&w=3840&q=25,"Rs. 6,93,798"
Nissan Micra Active,Xv,https://encrypted-tbn0.gstatic.com/images?q=tbn:ANd9GcQLlFQpm53WLAIuuAuonp16NtmEtOqHQA3ijQ&s,"Rs. 7,19,661"
Nissan Micra Active,Xl (O),https://stimg.cardekho.com/images/carexteriorimages/930x620/Maruti/Celerio/10356/1687520425516/front-left-side-47.jpg,"Rs. 6,74,960"
Tata Bolt,Xt Diesel,https://encrypted-tbn0.gstatic.com/images?q=tbn:ANd9GcT0dIUL1ICHlJ59_wz-la0QxKj1_P2uATl4GA&s,"Rs. 5,29,035"
Tata Bolt,Xe Diesel,https://www.carandbike.com/_next/image?url=https%3A%2F%2Fi.ndtvimg.com%2Fi%2F2017-11%2Fmahindra-kuv100-nxt-review_827x510_71509549407.jpg&w=640&q=75,"Rs. 5,90,268"
Tata Bolt,Xm Diesel,https://encrypted-tbn0.gstatic.com/images?q=tbn:ANd9GcQ73wcc-UFCjKw03XKw2e8pPT8fxkEv3gmz7w&s,"Rs. 6,14,515"
Tata Bolt,Xms Diesel,https://www.financialexpress.com/wp-content/uploads/2022/02/Tata-Altroz-Dark-Edition-1.jpg,"Rs. 5,56,130"
Tata Bolt,Xt Petrol,https://parkplus-bkt-img.parkplus.io/production/chariot_staging/public/frontleftside47jpgimage_20230808190131907926.jpg,"Rs. 5,36,859"
Tata Bolt,Xe Petrol,https://www.carandbike.com/_next/image?url=https%3A%2F%2Fimages.carandbike.com%2Fcar-images%2Fbig%2Ftata%2Fzest%2Ftata-zest.jpg%3Fv%3D16&w=3840&q=25,"Rs. 5,56,130"
Tata Bolt,Xm Petrol,https://www.hondacarindia.com/_next/image?url=https%3A%2F%2Fwww.hondacarindia.com%2Fweb-data%2Fmodels-mobile%2FreasonToChoose%2Famaze%2FBold-Exterior-Styling.jpg&w=3840&q=75,"Rs. 5,36,859"
Tata Bolt,Xms Petrol,https://encrypted-tbn0.gstatic.com/images?q=tbn:ANd9GcQabCalDdGTYAuAid5QhPwAXObqw_8EyVCRuQ&s,"Rs. 6,39,616"
Hyundai Xcent Prime,Cng T + (Cng +,https://encrypted-tbn0.gstatic.com/images?q=tbn:ANd9GcSlxocZvxrWyuTfvqEGtU4hBu7Px3LAcYeqMA&s,"Rs. 6,20,297"
Hyundai Xcent Prime,T,https://cdni.autocarindia.com/Utils/ImageResizer.ashx?n=https://cdni.autocarindia.com/ExtraImages/20170727013334_PFD_7141.jpg,"Rs. 6,53,523"
Hyundai Xcent Prime,T+,https://stimg.cardekho.com/images/carexteriorimages/360x240/Fiat/Fiat-Linea/047.jpg,"Rs. 5,53,423"
Hyundai Xcent Prime,Cng T (Cng +,https://encrypted-tbn0.gstatic.com/images?q=tbn:ANd9GcTAdwt90WZM7a6wZGRx714SMi-9HNTwZx0Y5Q&s,"Rs. 5,98,940"
Hyundai Xcent Prime,T+ Crdi,https://encrypted-tbn0.gstatic.com/images?q=tbn:ANd9GcQ43iQfn5P3AR3sv1MkQV3M725djFyGEM7ztQ&s,"Rs. 5,59,693"
Hyundai Xcent Prime,T Crdi,https://encrypted-tbn0.gstatic.com/images?q=tbn:ANd9GcSGq8l2ygzvt9QCKNBFqZh0KjEB3k2eZnjwaQ&s,"Rs. 5,79,900"
Maruti Suzuki Dzire Tour,Ldi,https://encrypted-tbn0.gstatic.com/images?q=tbn:ANd9GcRdmcBFgl7pbznbW8yGGpT56TEwmFZr3u2XxQ&s,"Rs. 6,55,900"
Maruti Suzuki Dzire Tour,Lxi,https://encrypted-tbn0.gstatic.com/images?q=tbn:ANd9GcTKmHMd5hnHEoKybyYBXAvEGP5IAgXFPkf-pQ&s,"Rs. 7,05,800"
Maruti Suzuki Dzire Tour,Lxi Cng,https://www.hyundai.com/content/dam/hyundai/in/en/data/find-a-car/Verna/Exterior/pc/March/top-image.jpg,"Rs. 7,29,900"
Hyundai Elite I20,Era 1.2,https://spn-sta.spinny.com/blog/20220414231737/Featured-Image-Mahindra-XUV300.jpg?compress=true&quality=80&w=600&dpr=2.6,"Rs. 8,04,800"
Hyundai Aura,E 1.2 Petrol,https://stimg.cardekho.com/images/carexteriorimages/360x240/Renault/Renault-Lodgy/047.jpg,"Rs. 7,85,900"
Hyundai Aura,S 1.2 Petrol,https://encrypted-tbn0.gstatic.com/images?q=tbn:ANd9GcSaAFuC5MxUqErFbg3ZZn8qIhAIGhH_RYEnFA&s,"Rs. 7,28,900"
Hyundai Aura,S 1.2 Amt Petrol,https://stimg.cardekho.com/images/carexteriorimages/360x240/Mahindra/Mahindra-e2o-Plus/1556194806662/047.jpg,"Rs. 8,54,900"
Hyundai Aura,Sx 1.2 Petrol,https://media.zigcdn.com/media/model/2022/Nov/front-1-4-left-1034360231_930x620.jpg,"Rs. 7,73,800"
Hyundai Aura,Sx Plus 1.2 Amt Petrol,https://stimg.cardekho.com/images/carexteriorimages/360x240/Honda/Honda-BR-V/047.jpg,"Rs. 8,23,700"
Hyundai Aura,Sx (O) 1.2 Petrol,https://encrypted-tbn0.gstatic.com/images?q=tbn:ANd9GcTV4wd9Sr0CT3_kqLl2ELgJWnFR7naxQnN17A&s,"Rs. 9,22,700"
Hyundai Aura,S 1.2 Cng Petrol (Cng +,https://stimg.cardekho.com/images/carexteriorimages/930x620/Force/Gurkha-5-Door/10268/1714390165742/front-left-side-47.jpg,"Rs. 9,03,800"
Hyundai Aura,Sx Plus 1.0 Petrol,https://images.91wheels.com/assets/c_images/gallery/maruti/xl6/maruti-xl6-4-1698124115.jpg?width=420&q=60?w=1080&q=60,"Rs. 5,82,000"
Hyundai Aura,S 1.2 Diesel,https://imgd.aeplcdn.com/664x374/cw/ec/39470/Mahindra-TUV300-Right-Front-Three-Quarter-155737.jpg?wm=0&q=80,"Rs. 6,76,500"
Hyundai Aura,S 1.2 Amt Diesel,https://encrypted-tbn0.gstatic.com/images?q=tbn:ANd9GcTrMbxgxcD4pTsNdyLH11DzGw6SgaF6sLhRAw&s,"Rs. 7,76,500"
Hyundai Aura,Sx Plus 1.2 Amt Diesel,https://encrypted-tbn0.gstatic.com/images?q=tbn:ANd9GcS7MSUG6QcndeHyx0KncxsLz2vMZg5-a0Y-NA&s,"Rs. 7,34,500"
Hyundai Aura,Sx (O) 1.2 Diesel,https://encrypted-tbn0.gstatic.com/images?q=tbn:ANd9GcQ-IdQaap91yIx5BSDxCBY95G9TCYxbySxRNg&s,"Rs. 8,51,500"
Volkswagen Polo,Trendline 1.0L (P),https://encrypted-tbn0.gstatic.com/images?q=tbn:ANd9GcS4Rnr0DbIbjnzhYExWzgoy55W4DWnrHMDheg&s,"Rs. 9,31,500"
Volkswagen Polo,Comfortline 1.0 (P),https://encrypted-tbn0.gstatic.com/images?q=tbn:ANd9GcQOIoes3avPl89SY7L9bt8DUaqPo1E0V32qRA&s,"Rs. 9,76,000"
Volkswagen Polo,Highline Plus 1.0 (P),https://encrypted-tbn0.gstatic.com/images?q=tbn:ANd9GcQg2eNPfAiPQX-GGne9mRlYrqxSqvSzuGfOXA&s,"Rs. 9,88,500"
Volkswagen Polo,Trendline 1.5L (D),https://encrypted-tbn0.gstatic.com/images?q=tbn:ANd9GcQX4bLLLlrNnO-3Gi_wc1wlIXFbFVZQwvj3NA&s,"Rs. 5,82,613"
Volkswagen Polo,Comfortline 1.5 (D),https://encrypted-tbn0.gstatic.com/images?q=tbn:ANd9GcSxWGIuQ1LaVPN4HHVT26LYfvwi7qoYbgAjrg&s,"Rs. 6,73,112"
Volkswagen Polo,Highline Plus 1.5 (D),https://imgd.aeplcdn.com/370x208/ec/60/CA/18036/img/ol/Toyota-Corolla-Altis-Right-Front-Three-Quarter-49081.jpg?v=201711021421&q=80,"Rs. 6,66,622"
Volkswagen Polo,Gt Tsi,https://cdn.zeebiz.com/sites/default/files/styles/zeebiz_850x478/public/2019/02/13/73961-honda-civic1.JPG?itok=RRZyBgT4,"Rs. 7,32,113"
Volkswagen Polo,Gt Tdi,https://encrypted-tbn0.gstatic.com/images?q=tbn:ANd9GcSe9n8JwRBYTaSb-PrB8tvGCq3aWhHRKVoXQA&s,"Rs. 7,57,622"
Maruti Suzuki Dzire,Lxi,https://encrypted-tbn0.gstatic.com/images?q=tbn:ANd9GcR-X3wbIC-wOLcFKieR0gWsCf4p7SqDZdKTHw&s,"Rs. 7,20,112"
Maruti Suzuki Dzire,Vxi,https://encrypted-tbn0.gstatic.com/images?q=tbn:ANd9GcRWnMZR6kKhqH1e1CGnrB6LEz0HBa-IsReBdg&s,"Rs. 8,63,122"
Maruti Suzuki Dzire,Ldi,https://stimg.cardekho.com/images/carexteriorimages/930x620/Volvo/Volvo-V40/4127/1551160870713/front-left-side-47.jpg,"Rs. 8,16,622"
Maruti Suzuki Dzire,Zxi,https://encrypted-tbn0.gstatic.com/images?q=tbn:ANd9GcQb7bUGGoYSZUR_-UZ0DkEaIDduFmaJjQUixA&s,"Rs. 8,21,613"
Maruti Suzuki Dzire,Vdi,https://encrypted-tbn0.gstatic.com/images?q=tbn:ANd9GcRcecfV6-uELV0wPzb4gma5Sl5sn9P76qMAmA&s,"Rs. 7,79,113"
Maruti Suzuki Dzire,Vxi Amt,https://stimg.cardekho.com/images/carexteriorimages/630x420/Mini/3-DOOR/10593/1689937052417/front-left-side-47.jpg?impolicy=resize&imwidth=420,"Rs. 8,68,613"
Maruti Suzuki Dzire,Zdi Amt,https://encrypted-tbn0.gstatic.com/images?q=tbn:ANd9GcQYoYZ8qa1aGDX5gvDELOmh8KV69BCC7U1PGg&s,"Rs. 9,06,122"
Maruti Suzuki Dzire,Zdi,https://encrypted-tbn0.gstatic.com/images?q=tbn:ANd9GcSL6X1ZsrOr03ftU2bGIq1fKlJTyLWsXJafmg&s,"Rs. 8,04,622"
Maruti Suzuki Dzire,Zxi Plus,https://stimg.cardekho.com/images/carexteriorimages/930x620/Volvo/S60/6466/1611137219406/front-left-side-47.jpg,"Rs. 9,52,622"
Maruti Suzuki Dzire,Zxi At,https://encrypted-tbn0.gstatic.com/images?q=tbn:ANd9GcQ2MgMd2x_quPS2WJWv6cem0uvqjJ9g7ZZ_UA&s,"Rs. 6,76,400"
Maruti Suzuki Dzire,Zxi Plus Amt,https://encrypted-tbn0.gstatic.com/images?q=tbn:ANd9GcS070G3rW1Wm3ehHJe-dE44xZMBC0Q-DM4SFg&s,"Rs. 7,90,900"
Maruti Suzuki Dzire,Zdi Plus,https://encrypted-tbn0.gstatic.com/images?q=tbn:ANd9GcQ-bgCCaKInuO8Z-QEHI_re0LWijaPnpLv8FA&s,"Rs. 8,36,400"
Maruti Suzuki Dzire,Vdi Amt,https://encrypted-tbn0.gstatic.com/images?q=tbn:ANd9GcQJCXrYThKd9bvvEbV3BXHx9y24L1HImEqEwA&s,"Rs. 5,91,400"
Maruti Suzuki Dzire,Zdi Plus Amt,https://www.financialexpress.com/wp-content/uploads/2023/04/Mercedes-Benz-E-Class-2024-1024-01.jpg,"Rs. 7,21,400"
Ford Freestyle,1.5L Tdci Ambiente,https://cas.volvocars.com/image/dynamic/MY24_2317/536/exterior-v4/RB/62600/R98000/R00A/FN02/TC06/2G03/_/TP05/LR02/JT02/GR08/T101/TJ02/NP02/TM04/JG02/CB04/EV02/JB11/T221/LF05/_/VP07/FH01/_/_/_/_/_/_/default.jpg?market=us&client=gox-graph%7Cpdps&angle=4&w=1920&bg=descriptive-studio,"Rs. 7,56,400"
Ford Freestyle,1.5L Tdci Titanium,https://imgd.aeplcdn.com/664x374/n/cw/ec/163337/x4-exterior-left-front-three-quarter.jpeg?isig=0&q=80,"Rs. 6,81,400"
Ford Freestyle,1.5L Tdci Titanium Plus,https://encrypted-tbn0.gstatic.com/images?q=tbn:ANd9GcT2JBjp8iaRtyn9QsQbEEndnO-IKREAgXfryA&s,"Rs. 7,45,900"
Ford Freestyle,1.2L Ti-Vct Ambiente,https://www.carandbike.com/_next/image?url=https%3A%2F%2Fc.ndtvimg.com%2F2018-10%2Fn4ofqmbk_2018-mercedes-benz-c-class-cabriolet-facelift_625x300_27_October_18.jpg&w=3840&q=75,"Rs. 7,11,500"
Ford Freestyle,1.2L Ti-Vct Titanium,https://encrypted-tbn0.gstatic.com/images?q=tbn:ANd9GcR60w2waRtUwFeILWCKQivcE4G4JMrfT2cysQ&s,"Rs. 8,10,500"
Ford Freestyle,1.2L Ti-Vct Titanium Plus,https://encrypted-tbn0.gstatic.com/images?q=tbn:ANd9GcSLshAiMDWjpkPO1CZp12gXp_18CQLqpYRKpQ&s,"Rs. 9,99,900"
Ford Freestyle,1.2L Ti-Vct Trend Plus,https://encrypted-tbn0.gstatic.com/images?q=tbn:ANd9GcRI3PgqXcdh-7ZyzdYB0pNO-J3S5V4virmpGA&s,"Rs. 9,25,500"
Ford Freestyle,1.5L Tdci Trend Plus,,"Rs. 5,94,000"
Volkswagen Ameo,Trendline 1.5L Tdi,https://encrypted-tbn0.gstatic.com/images?q=tbn:ANd9GcT38VAsMn8TiSWYnhoAp06bE3MeWGK7IJtWZA&s,"Rs. 6,65,000"
Volkswagen Ameo,Comfortline 1.5L Tdi,https://encrypted-tbn0.gstatic.com/images?q=tbn:ANd9GcR138H6j9oQow0ys9xGNt7-GJaL7_fFKWaZ6A&s,"Rs. 7,99,900"
Volkswagen Ameo,Highline Plus 1.5L Tdi Dsg,https://imgd.aeplcdn.com/1200x900/cw/ec/36286/MercedesBenz-EClass-All-Terrain-Exterior-137324.jpg?wm=0,"Rs. 9,99,900"
Volkswagen Ameo,Highline Plus 1.5L Tdi,https://encrypted-tbn0.gstatic.com/images?q=tbn:ANd9GcSrFb_SwMtFYo-YTz4QxoOSn78hGl4WluVqdQ&s,"Rs. 5,98,500"
Volkswagen Ameo,Trendline 1.0L,https://encrypted-tbn0.gstatic.com/images?q=tbn:ANd9GcTAZelSuG8_8SYFoCvRbiKKAGEBZIi0Dt_cAw&s,"Rs. 6,97,400"
Volkswagen Ameo,Comfortline 1.0L,https://imgd.aeplcdn.com/1920x1080/cw/ec/21686/Jaguar-XJ-L-Front-view-64991.jpg?v=201711021421&q=80&q=80,"Rs. 6,63,400"
Volkswagen Ameo,Highline Plus 1.0L,https://encrypted-tbn0.gstatic.com/images?q=tbn:ANd9GcT78XyeRngi1DgB8zv9sePgEY34dtiG6-xG0w&s,"Rs. 6,99,400"
Volkswagen Ameo,Gt Line Tdi Dsg,https://imgd.aeplcdn.com/1920x1080/ec/A4/84/19425/img/ol/Maserati-Ghibli-Left-Front-Three-Quarter-54297.jpg?v=201711021421&q=80&q=80,"Rs. 7,37,400"
Ford Aspire,1.2 Ti-Vct Ambiente,https://www.team-bhp.com/sites/default/files/styles/check_extra_large_for_review/public/IMG_20220830_214329.jpg,"Rs. 7,77,400"
Ford Aspire,1.2 Ti-Vct Trend Plus,https://cdn.motor1.com/images/mgl/7ZmbmJ/s3/audi-rs7-by-abt.jpg,"Rs. 8,17,400"
Ford Aspire,1.2 Ti-Vct Trend,https://encrypted-tbn0.gstatic.com/images?q=tbn:ANd9GcStJcpyvnXk3EQNqliV_ZND7da-PaBAApY-oA&usqp=CAU,"Rs. 8,62,400"
Ford Aspire,1.5 Tdci Ambiente,https://ev-database.org/img/auto/Maserati_GranCabrio_Folgore/Maserati_GranCabrio_Folgore-01@2x.jpg,"Rs. 7,82,400"
Ford Aspire,1.5 Tdci Trend,https://imgd.aeplcdn.com/1200x900/n/cw/ec/50450/mercedesbenz-amg-gt-left-front-three-quarter0.jpeg,"Rs. 7,37,400"
Ford Aspire,1.5 Tdci Trend Plus,https://images.news18.com/ibnlive/uploads/2018/03/2019-mercedes-amg-gt-4-door-coupe.jpg?impolicy=website&width=640&height=480,"Rs. 7,58,314"
Ford Aspire,1.5 Tdci Titanium,https://stimg.cardekho.com/images/carexteriorimages/630x420/Lamborghini/Huracan-EVO/10643/1690010999692/front-left-side-47.jpg,"Rs. 7,62,400"
Ford Aspire,1.5 Tdci Titanium Plus,https://static01.nyt.com/images/2016/08/05/automobiles/autoreviews/driven-ferrari-488gtb/driven-ferrari-488gtb-superJumbo.jpg,"Rs. 8,42,400"
Ford Aspire,1.2 Ti-Vct Titanium Plus,https://imgd.aeplcdn.com/664x374/cw/ec/24539/Ferrari-GTC4-Lusso-Left-Front-Three-Quarter-78668.jpg?v=201711021421&q=80,"Rs. 6,27,100"
Ford Aspire,1.2 Ti-Vct Titanium,https://www.motortrend.com/uploads/sites/5/2020/02/2020-Lamborghini-Aventador-SVJ-Roadster-45.jpg,"Rs. 7,18,600"
Ford Aspire,1.2 Trend Plus Cng,https://www.topgear.com/sites/default/files/cars-car/carousel/2016/07/5crrdawnncbgjuly2016.jpg,"Rs. 7,34,700"
Ford Aspire,1.2 Ti-Vct Blu,https://hips.hearstapps.com/roa.h-cdn.co/assets/16/08/2048x1152/hd-aspect-1456237573-p90105136-highres-rolls-royce-phantom.jpg?resize=1200:*,"Rs. 8,28,600"
Ford Aspire,1.5 Tdci Blu,https://www.autovista.in/assets/product_images/Omni_460_1.jpg,"Rs. 8,88,400"
Toyota Platinum Etios,G,https://stimg.cardekho.com/images/carexteriorimages/930x620/Datsun/Datsun-GO-Plus/6654/front-left-side-47.jpg,"Rs. 7,78,400"
Toyota Platinum Etios,V,https://cdni.autocarindia.com/Utils/ImageResizer.ashx?n=https://cdni.autocarindia.com/Galleries/20140724024408_punto1.jpg&w=736&h=488&q=75&c=1,"Rs. 6,89,600"
Toyota Platinum Etios,Gd,https://stimg.cardekho.com/images/carexteriorimages/930x620/Ford/Figo/7594/1627023729889/front-left-side-47.jpg,"Rs. 7,99,600"
Toyota Platinum Etios,Vd,https://catalog-management.s3.ap-south-1.amazonaws.com/htmobile1/marutisuzuki_baleno/images/exterior_marutisuzuki-baleno-facelift_front-left-view_600x337.jpg,"Rs. 9,13,400"
Toyota Platinum Etios,Vxd,https://stimg.cardekho.com/images/carexteriorimages/930x620/Hyundai/Grand-i10-Nios/10096/1684298344769/front-left-side-47.jpg,"Rs. 8,03,400"
Toyota Platinum Etios,Vx,https://www.motorbeam.com/wp-content/uploads/Fiat-Linea-Classic-Road-Test-1200x900.jpg,"Rs. 8,02,000"
Toyota Platinum Etios,Gx,https://goldenbeachrentacar.com/wp-content/uploads/2022/08/nissan-sunny-2023-1-1.jpg,"Rs. 6,50,000"
Toyota Platinum Etios,Gxd,https://cdni.autocarindia.com/Utils/ImageResizer.ashx?n=https://cdni.autocarindia.com/ExtraImages/20240209062839_20230614022817_20230516054223_20220504024007_Ertiga%20ShowroomXX%20_1_.jpg&w=700&c=1,"Rs. 7,97,500"
Toyota Platinum Etios,Vxd Limited Edition,https://stimg.cardekho.com/images/carexteriorimages/930x620/Maruti/Maruti-Baleno-RS/6792/1559629717879/front-left-side-47.jpg,"Rs. 7,66,000"
Toyota Platinum Etios,Vx Limited Edition,https://stimg.cardekho.com/images/carexteriorimages/930x620/Honda/WR-V/7665/1645419998984/front-left-side-47.jpg,"Rs. 6,68,500"
Toyota Etios Cross,V,https://stimg.cardekho.com/images/carexteriorimages/930x620/Mahindra/TUV-300/7992/1611216754809/3d-model-163.jpg,"Rs. 8,16,000"
Toyota Etios Cross,G,https://stimg.cardekho.com/images/carexteriorimages/930x620/Maruti/SX4-S-Cross/7525/1596687171065/front-left-side-47.jpg?impolicy=resize&imwidth=420,"Rs. 6,57,628"
Toyota Etios Cross,Vd,https://imgd-ct.aeplcdn.com/1056x660/cw/ec/39217/Renault-Captur-Exterior-153599.jpg?wm=0&q=80,"Rs. 6,85,729"
Toyota Etios Cross,Gd,"https://img.etimg.com/thumb/msid-45832477,width-480,height-360,imgsize-184050,resizemode-75/2015-mahindra-xylo-review.jpg","Rs. 7,50,428"
Toyota Etios Cross,1.2 X Edition,https://stimg.cardekho.com/images/carexteriorimages/930x620/Kia/Seltos-2023/8709/1688465684023/front-left-side-47.jpg,"Rs. 6,77,618"
Toyota Etios Cross,1.4 X Edition,https://stat.overdrive.in/wp-content/odgallery/2017/06/36049_NissanTerrano-AMT-028.JPG,"Rs. 7,39,074"
Mahindra Verito Vibe,D2,https://imgd.aeplcdn.com/0x0/ec/0E/A2/19197/img/m/Tata-Safari-Storme-facelift-53356_l.jpg?20152406211703&q=75,"Rs. 9,77,516"
Mahindra Verito Vibe,D4,https://www.team-bhp.com/sites/default/files/pictures2023/2023-mg-hector-01.jpg,"Rs. 8,10,211"
Mahindra Verito Vibe,D6,https://www.team-bhp.com/sites/default/files/pictures2023/2023-mg-hector-01.jpg,"Rs. 7,21,900"
Fiat Urban Cross,1.3 Multijet Active,https://stimg.cardekho.com/images/carexteriorimages/930x620/Hyundai/Elantra/7888/1636975889286/front-left-side-47.jpg,"Rs. 7,58,200"
Fiat Urban Cross,1.3 Multijet Dynamic,https://i.gaw.to/content/photos/59/87/598700-un-premier-coup-d-oeil-au-hyundai-tucson-2025.jpg?1024x640,"Rs. 8,29,900"
Fiat Urban Cross,1.4 T-Jet Emotion,https://stimg2.cardekho.com/images/carNewsimages/userimages/23175/1549600487531/GeneralNews.jpg?tr=w-300,"Rs. 8,90,200"
Fiat Urban Cross,1.3 Multijet Emotion,https://imgd.aeplcdn.com/1200x900/n/cw/ec/148959/mercedes-benz-a-class-limousine-left-front-three-quarter0.jpeg?isig=0,"Rs. 6,97,900"
Toyota Glanza,G Hybrid,https://img.autoabc.lv/Volvo-V40-Cross-Country/Volvo-V40-Cross-Country_2016_Hecbeks_22311100028_1.jpg,"Rs. 7,96,132"
Toyota Glanza,V,https://www.mini.in/content/dam/MINI/common/Range/2nd-lci/f60/explore/mini-f60-sharing-image.jpg,"Rs. 7,11,801"
Toyota Glanza,G Cvt,https://imgd.aeplcdn.com/1920x1080/n/cw/ec/178535/c-class-exterior-left-front-three-quarter-2.jpeg?isig=0&q=80&q=80,"Rs. 8,76,341"
Toyota Glanza,V Cvt,https://images.spot.im/v1/production/barxzm98nyzayoglyzmo,"Rs. 7,45,000"
Toyota Glanza,G Mt,https://www.lexusindia.co.in/content/dam/lexus-v3-india/model-pages/es/my23/es-divider-1920x800.jpg,"Rs. 9,09,000"
Fiat Avventura,Multijet Dynamic,https://www.lexusindia.co.in/content/dam/lexus-v3-blueprint/models/suv/nx/nx-300h/my19/gallery/exterior/lexus-nx300h-gallery-ext-01-d.jpg,"Rs. 7,89,000"
Fiat Avventura,Multijet Active,https://akm-img-a-in.tosshub.com/indiatoday/images/story/202106/Jaguar_F-PACE_SVR_Exterior_01_1200x768.jpeg?size=690:388,"Rs. 8,65,000"
Fiat Avventura,Multijet Emotion,https://financialexpresswpcontent.s3.amazonaws.com/uploads/2020/11/Volvo-V90_Cross_Country-2020-Facelift-620x413.jpg,"Rs. 8,16,500"
Honda Jazz,V Petrol,https://images.spot.im/v1/production/xsa6bjcsv6qvs0vpecxv,"Rs. 8,96,500"
Honda Jazz,Vx Cvt,https://imgd.aeplcdn.com/664x374/n/cw/ec/167117/mercedes-benz-gle-right-front-three-quarter17.jpeg?isig=0&wm=1&q=80,"Rs. 9,40,500"
Honda Jazz,Vx Petrol,https://stimg.cardekho.com/images/carexteriorimages/930x620/Mercedes-Benz/Mercedes-Benz-CLS-Class/6684/1541421574163/front-left-side-47.jpg,"Rs. 9,28,000"
Honda Jazz,V Cvt,https://car-images.bauersecure.com/wp-images/12720/bmwx7_040.jpg,"Rs. 26,80,000"
Honda Jazz,S Diesel,https://imgd.aeplcdn.com/1920x1080/n/cw/ec/176129/m4-competition-exterior-left-front-three-quarter.jpeg?isig=0&q=80&q=80,"Rs. 27,60,000"
Honda Jazz,V Diesel,"https://hips.hearstapps.com/hmg-prod/images/2025-porsche-911-spied-front-658200b0a3a5d.jpg?crop=0.8888888888888888xw:1xh;center,top&resize=1200:*","Rs. 27,34,834"
Honda Jazz,Vx Diesel,https://www.cnet.com/a/img/resize/f80bfaed6f4fd576f4e9b38d580812c348c78517/hub/2018/07/02/55eaef81-1834-41e8-a1f8-a2b8561ab3ef/001-2018-nissan-gtr-review.jpg?auto=webp&width=768,"Rs. 29,31,534"
Honda Jazz,Exclusive Edition Cvt,https://stimg.cardekho.com/images/carexteriorimages/930x620/Aston-Martin/Vantage/11671/1713933486248/front-left-side-47.jpg,"Rs. 27,70,150"
Jeep Compass Trailhawk,2.0 Trailhawk 4X4 At,https://www.astonmartin.com/-/media/aston-martin/imported/rapide-amr/rapide-amr-012-hero.jpg?mw=1920&rev=5b3baffc60ff4897aa8bd3bf93afacc0&hash=C318B1AF6BB47F43A5B96B7BDDE5A9F2,"Rs. 30,70,150"
Jeep Compass Trailhawk,2.0 Trailhawk (O) 4X4 At,https://cdn.ferrari.com/cms/network/media/img/resize/5d36d3bf7e98e13abbbed080-ferrari-812superfast_2017-dynamics-focuson_02_d?,"Rs. 28,14,500"
Isuzu Mu-X,4X2,https://stimg.cardekho.com/images/carexteriorimages/930x620/Maruti/Alto-800-tour/8867/1664261897771/front-left-side-47.jpg,"Rs. 31,53,500"
Isuzu Mu-X,4X4,https://imgd-ct.aeplcdn.com/1056x660/n/cw/ec/136183/grand-i10-nios-exterior-right-front-three-quarter-14.jpeg?isig=0&q=80,"Rs. 28,27,001"
Mahindra Alturas G4,2Wd At,https://img.indianautosblog.com/crop/1200x675/2014/03/Hyundai-Xcent-Review-red-front-quarter.jpg,"Rs. 30,67,001"
Mahindra Alturas G4,4Wd At,https://cdni.autocarindia.com/Utils/ImageResizer.ashx?n=https://cdni.autocarindia.com/autocar/Done%201.jpg&w=700&c=1,"Rs. 32,77,001"
Volkswagen Tiguan,Comfortline 2.0L Tdi Amt,https://images.carandbike.com/car-images/big/mahindra/bolero/mahindra-bolero.jpg?v=29,"Rs. 28,99,599"
Volkswagen Tiguan,Highline 2.0L Tdi Amt,https://www.team-bhp.com/sites/default/files/styles/check_extra_large_for_review/public/2_53.jpeg,"Rs. 31,49,599"
Honda Cr-V,2Wd Petrol Cvt,https://stimg.cardekho.com/images/carexteriorimages/930x620/Skoda/Rapid/8633/1648729171661/front-left-side-47.jpg,"Rs. 30,21,200"
Honda Cr-V,2Wd Diesel At,https://cdni.autocarindia.com/Utils/ImageResizer.ashx?n=https://cdni.autocarindia.com/Galleries/20150804111904_Front.jpg,"Rs. 32,21,200"
Honda Cr-V,Awd Diesel At,https://spn-sta.spinny.com/blog/20220228142605/ezgif.com-gif-maker-100-8.jpg?compress=true&quality=80&w=576&dpr=2.6,"Rs. 29,20,750"
Skoda Superb Sportline,Sportline 1.8L Tsi At,https://www.hindustantimes.com/ht-img/img/2023/10/21/550x309/tata_harrier_1697883580838_1697883581005.png,"Rs. 31,20,750"
Skoda Superb Sportline,Sportline 2.0L Tdi At,https://stimg.cardekho.com/images/carexteriorimages/930x620/Isuzu/V-Cross/9892/1714639645161/front-left-side-47.jpg,"Rs. 29,88,311"
Audi A3,35 Tdi Premium Plus,https://stimg.cardekho.com/images/carexteriorimages/360x240/Mitsubishi/Mitsubishi-Outlander/047.jpg,"Rs. 30,89,851"
Audi A3,35 Tdi Technology,https://stimg.cardekho.com/images/carexteriorimages/930x620/Mercedes-Benz/GLA/7269/1621948227508/front-left-side-47.jpg,"Rs. 31,98,662"
Audi A3,35 Tfsi Premium Plus,https://www.cnet.com/a/img/resize/1480c73f3c4284a5cdfd492a176db671c44bf63e/hub/2021/02/24/4ea4572d-eacf-4426-8479-48de497c91b7/accord-promo.jpg?auto=webp&width=768,"Rs. 33,03,282"
Audi A3,35 Tfsi Technology,https://imgd.aeplcdn.com/664x374/n/cw/ec/96443/5-series-exterior-left-front-three-quarter.jpeg?q=80,"Rs. 35,99,000"
Mercedes B-Class,B 180 Sport,https://www.bmw.in/content/dam/bmw/common/all-models/6-series/gran-turismo/2021/highlights/bmw-6-series-gran-turismo-gallery-video-design-01.jpg,"Rs. 31,72,000"
Mercedes B-Class,B 200 Cdi Sport,https://imgd.aeplcdn.com/370x208/n/cw/ec/169463/porsche-macan-left-front-three-quarter0.jpeg?isig=0&q=80,"Rs. 36,99,000"
Mercedes B-Class,B 180 Night Edition,https://stimg.cardekho.com/images/carexteriorimages/630x420/Jaguar/F-TYPE/10647/1701249384983/front-left-side-47.jpg?impolicy=resize&imwidth=420,"Rs. 32,99,599"
Mercedes B-Class,B 200 Cdi Night Edition,https://stimg.cardekho.com/images/carexteriorimages/930x620/BMW/M5/8490/1625142409938/front-left-side-47.jpg,"Rs. 36,78,599"
Mercedes Cla-Class,200 Sport,https://imgd.aeplcdn.com/664x374/cw/ec/28188/Lexus-LX-Exterior-92765.jpg?v=201711021421&q=80,"Rs. 32,99,599"
Mercedes Cla-Class,200 Cdi Style,https://www.classicdriver.com/sites/default/files/styles/article_full/public/import/articlesv2/images/_de/6835/Ferrari_458_Spider_01pop.jpg?itok=icy7TFn6,"Rs. 34,07,407"
Mercedes Cla-Class,200 D Sport,https://stimg.cardekho.com/images/carexteriorimages/630x420/Maruti/Wagon-R/10365/1687580655855/front-left-side-47.jpg,"Rs. 36,77,200"
Skoda Kodiaq,Style 2.0 Tdi 4X4 At,https://stat.overdrive.in/wp-content/odgallery/2022/08/63770_2022_Tata_Tiago-NRG_1.jpg,"Rs. 39,92,200"
Skoda Kodiaq,Laurin And Klement,https://auto.economictimes.indiatimes.com/files/retail_files/nuvosport-1503989675-prod-var.jpg,"Rs. 43,61,000"
Skoda Kodiaq,Corporate Edition,https://stimg.cardekho.com/images/carexteriorimages/930x620/Nissan/Kicks/7832/1647945473430/front-left-side-47.jpg,"Rs. 34,96,750"
Dc Avanti,Standard,https://stimg.cardekho.com/images/carexteriorimages/930x620/Hyundai/Kona/6228/1658735368758/front-left-side-47.jpg,"Rs. 36,00,000"
Audi Q3,30 Tdi Premium Fwd,https://stimg.cardekho.com/images/carexteriorimages/930x620/Toyota/Camry/10926/1708690549497/front-left-side-47.jpg?impolicy=resize&imwidth=420,"Rs. 38,30,000"
Audi Q3,35 Tdi Quattro Premium Plus,https://imgd.aeplcdn.com/664x374/cw/ec/31252/Audi-New-A5-Exterior-108808.jpg?v=201711021421&q=80,"Rs. 39,90,000"
Audi Q3,35 Tdi Quattro Technology,https://media.cdn-jaguarlandrover.com/api/v2/images/96716/w/1600.jpg,"Rs. 43,90,000"
Audi Q3,30 Tfsi Premium,https://stimg.cardekho.com/images/carexteriorimages/630x420/Lexus/LS/4924/1622802604706/exterior-image-166.jpg?imwidth=420&impolicy=resize,"Rs. 39,90,000"
Mini Cooper 5 Door,Cooper D,https://www.rolls-roycemotorcars.com/content/dam/rrmc/marketUK/rollsroycemotorcars_com/phantom-series-ii-in-detail/page-properties/01_RR_PHANTOM-single-twin-card-min.jpg,"Rs. 41,20,000"
Mini Convertible,Cooper S,https://www.team-bhp.com/sites/default/files/styles/amp_high_res/public/fiat-punto-evo-01_1.jpg,"Rs. 41,49,000"
Volvo Xc40,D4 Momentum,https://stimg.cardekho.com/images/carexteriorimages/930x620/Toyota/Yaris/7281/1577948866044/front-view-118.jpg,"Rs. 45,07,000"
Volvo Xc40,D4 Inscription,https://imgd.aeplcdn.com/1920x1080/n/cw/ec/40371/octavia-exterior-right-front-three-quarter-4.jpeg?isig=0&q=80&q=80,"Rs. 43,50,000"
Volvo Xc40,T4 R-Design,https://cdn.motor1.com/images/mgl/KbboO1/s1/2022-mercedes-glc.webp,"Rs. 44,98,000"
Mini Clubman,Cooper S,https://stimg.cardekho.com/images/carexteriorimages/630x420/Porsche/Cayenne-Coupe/9931/1682515216486/front-left-side-47.jpg?imwidth=420&impolicy=resize,"Rs. 44,98,000"
Audi A4,Premium Plus 35 Tfsi,https://imgd-ct.aeplcdn.com/664x415/cw/ec/10473/Mahindra-Verito-Left-Front-Three-Quarter-88836.jpg?v=201711021421&q=80,"Rs. 46,33,000"
Audi A4,Technology 35 Tfsi,https://stimg.cardekho.com/images/carexteriorimages/930x620/Mitsubishi/Mitsubishi-Pajero-Sport-2019/6598/1564481928398/front-left-side-47.jpg?impolicy=resize&imwidth=420,"Rs. 46,33,000"
Mini John Cooper Works,Hatch,https://www.topgear.com/sites/default/files/2023/04/1%20Bentley%20Flying%20Spur%20Speed.jpg,"Rs. 54,36,329"
Jaguar Xe,S Petrol,https://stimg.cardekho.com/images/carexteriorimages/930x620/Honda/City/9710/1677914238296/front-left-side-47.jpg,"Rs. 60,73,446"
Jaguar Xe,S Diesel,https://imgd.aeplcdn.com/1920x1080/cw/ec/23799/Mitsubishi-Montero-Exterior-74530.jpg?v=201711021421&q=80&q=80,"Rs. 61,38,811"
Jaguar Xe,Se Diesel,https://www.cnet.com/a/img/resize/8732fcd89d0ed676264a56c0cc0e5727bc1774fc/hub/2018/11/29/b92b85e5-9ac4-44fe-8a8a-a8af7bd51904/ogi1-suzuki-jimny-003.jpg?auto=webp&fit=crop&height=900&width=1200,"Rs. 55,06,622"
Jaguar Xe,Se Petrol,https://www.v3cars.com/media/model-imgs/1661927485-2022%20MG%20Gloster.webp,"Rs. 49,77,080"
Jaguar Xf,2.0 Prestige,https://www.financialexpress.com/wp-content/uploads/2023/04/MG-Comet-EV-review-11-1.jpg,"Rs. 50,38,000"
Jaguar Xf,2.0 Portfolio,,"Rs. 54,42,200"
Jaguar Xf,2.0 Portfolio Diesel,,"Rs. 59,42,200"
Jaguar Xf,2.0 Prestige Diesel,,"Rs. 59,30,000"
Jaguar Xf,2.0 Pure Diesel,,"Rs. 58,80,000"
Audi A3 Cabriolet,40 Tfsi,,"Rs. 56,00,000"
Audi A6,Premium Plus 45 Tfsi,,"Rs. 57,06,000"
Audi A6,Technology 45 Tfsi,,"Rs. 60,89,000"
Bmw X3,Xdrive 20D Luxury Line,,"Rs. 58,90,000"
Bmw X3,Xdrive 30I Luxury Line,,"Rs. 72,43,000"
Bmw X3,Xdrive20D Xline,,"Rs. 73,30,000"
Land Rover Discovery Sport,SE,,"Rs. 82,90,000"
Land Rover Discovery Sport,R-Dynamic Se,,"Rs. 82,90,000"
Volvo S90,D4 Inscription,,"Rs. 74,62,000"
Audi S5,Sportback,,"Rs. 78,82,867"
Bmw X5,Xdrive30D Sport,,"Rs. 89,31,819"
Bmw X5,Xdrive30D Xline,,"Rs. 1,14,00,000"
Bmw X5,Xdrive40I M Sport,,"Rs. 75,15,000"
Ford Mustang,Fastback V8,,"Rs. 77,11,338"
Jeep Grand Cherokee,Limited,,"Rs. 81,80,000"
Jeep Grand Cherokee,Summit,,"Rs. 89,95,000"
Jeep Grand Cherokee,Srt,,"Rs. 85,95,000"
Jeep Grand Cherokee,Summit Petrol,,"Rs. 88,20,000"
Jeep Grand Cherokee,E400,,"Rs. 1,91,99,181"
Bmw,Coupe,,"Rs. 87,76,900"
Porsche,Boxster,,"Rs. 86,90,000"
Porsche,Cayman,,"Rs. 86,90,000"
Mercedes Gls,350 Cdi,,"Rs. 96,30,000"
Mercedes Gls,63 Amg,,"Rs. 99,00,000"
Mercedes Gls,400 4Matic,,"Rs. 1,11,41,200"
Mercedes Gls,Grand Edition Petrol,,"Rs. 1,22,90,000"
Mercedes Gls,Grand Edition Diesel,,"Rs. 1,32,00,000"
Toyota Land Cruiser Prado,Vx L,,"Rs. 1,35,10,000"
Lexus Rx 450H,450Hl Luxury,,"Rs. 1,35,10,000"
Audi Rs5,Coupe,,"Rs. 1,65,00,000"
Bmw 7-Series,730Ld Design Pure Excellence,,"Rs. 2,42,50,000"
Bmw 7-Series,730Ld Design Pure Excellence Signature,,"Rs. 1,33,59,500"
Bmw 7-Series,730Ld M Sport,,"Rs. 1,35,58,438"
Bmw 7-Series,740Li Design Pure Excellence Signature,,"Rs. 1,39,76,653"
Bmw 7-Series,745Le Xdrive,,"Rs. 2,55,00,000"
Bmw 7-Series,M760Li Xdrive,,"Rs. 1,45,12,054"
Audi Q8,55 Tfsi Quattro Tiptronic,,"Rs. 1,48,63,774"
Mercedes S-Class,S 350 D,,"Rs. 1,53,83,399"
Mercedes S-Class,S 450,,"Rs. 2,18,75,136"
Mercedes S-Class,Amg S 63 Coupe,,"Rs. 1,50,00,000"
Maserati Levante,Diesel,,"Rs. 1,56,00,000"
Maserati Levante,Gransport,,"Rs. 1,72,29,579"
Maserati Levante,Granlusson,,"Rs. 1,79,00,000"
Mercedes G-Class,Amg G 63,,"Rs. 1,96,00,000"
Mercedes G-Class,G 350D,,"Rs. 2,73,08,312"
Audi A8 L,55 Tfsi Quattro,,"Rs. 1,98,90,000"
Maserati Granturismo,Sport,,"Rs. 2,12,63,000"
Maserati Quattroporte,Granlusso,,"Rs. 2,26,13,000"
Lexus Lc 500H,Coupe,,"Rs. 2,17,47,000"
Mercedes Maybach,S650,,"Rs. 2,32,90,000"
Mercedes Maybach,S560,,"Rs. 2,34,91,293"
Porsche Panamera,Turbo,,"Rs. 2,72,45,000"
Porsche Panamera,Turbo Executive,,"Rs. 3,00,00,000"
Porsche Panamera,Turbo Sport Turismo,,"Rs. 3,37,91,059"
Lexus Lx 450D,V8,,"Rs. 3,50,00,000"
Mercedes Class Cabriolet,S500,,"Rs. 4,59,41,557"
Audi R8,V10 Plus,,"Rs. 3,75,42,069"
Lamborghini Urus,V8,,"Rs. 4,04,56,503"
Bentley Continental Gt,Coupe,,"Rs. 4,25,31,500"
Ferrari Portofino,V8 Convertible,,"Rs. 4,67,09,733"
Bentley Bentayga,W12,,"Rs. 5,32,47,201"
Bentley Bentayga,V8,,"Rs. 5,00,25,840"
Aston Martin Db 11,V12,,"Rs. 5,25,71,294"
Ferrari 458 Speciale,Coupe,,"Rs. 6,95,00,000"
Rolls Royce Ghost Series Ii,6.6,,"Rs. 7,73,12,661"
Rolls Royce Ghost Series Ii,Ewb,,"Rs. 19,21,42,937"
Rolls Royce Wraith,Coupe,,"Rs. 21,21,55,397"
Bentley Mulsanne,Sedan,,"Rs. 2,94,800"
Rolls Royce Cullinan,Suv,,"Rs. 2,99,900"
Rolls Royce Phantom Coupe,6.8 L,,"Rs. 3,52,900"
Bugatti Chiron,W16,,"Rs. 3,57,200"
Bugatti Chiron,Sport,,"Rs. 3,76,100"
Maruti Suzuki Alto,Std,,"Rs. 4,05,570"
Maruti Suzuki Alto,Std (O),,"Rs. 4,09,190"
Maruti Suzuki Alto,Lxi,,"Rs. 3,89,600"
Maruti Suzuki Alto,Lxi (O),,"Rs. 3,70,500"
Maruti Suzuki Alto,Vxi,,"Rs. 3,76,500"
Maruti Suzuki Alto,Lxi Cng (Cng +,,"Rs. 4,09,000"
Maruti Suzuki Alto,Lxi (O) Cng (Cng +,,"Rs. 4,15,000"
Maruti Suzuki Alto,Vxi Plus,,"Rs. 4,32,500"
Maruti Suzuki S-Presso,Std,,"Rs. 4,38,500"
Maruti Suzuki S-Presso,Std (O),,"Rs. 4,75,500"
Maruti Suzuki S-Presso,Lxi,,"Rs. 4,56,000"
Maruti Suzuki S-Presso,Lxi (O),,"Rs. 4,81,500"
Maruti Suzuki S-Presso,Vxi,,"Rs. 4,99,000"
Maruti Suzuki S-Presso,Vxi (O),,"Rs. 4,26,289"
Maruti Suzuki S-Presso,Vxi Ags,,"Rs. 4,65,138"
Maruti Suzuki S-Presso,Vxi+,,"Rs. 5,08,138"
Maruti Suzuki S-Presso,Vxi (O) Ags,,"Rs. 4,90,924"
Maruti Suzuki S-Presso,Vxi+ Ags,,"Rs. 5,31,279"
Maruti Suzuki Celerio,Lxi,,"Rs. 5,30,000"
Maruti Suzuki Celerio,Vxi,,"Rs. 5,33,924"
Maruti Suzuki Celerio,Vxi At,,"Rs. 4,34,659"
Maruti Suzuki Celerio,Zxi,,"Rs. 4,72,257"
Maruti Suzuki Celerio,Zxi (Opt),,"Rs. 5,15,257"
Maruti Suzuki Celerio,Vxi Cng Mt,,"Rs. 5,43,279"
Maruti Suzuki Celerio,Zxi Ags,,"Rs. 5,51,530"
Maruti Suzuki Celerio,Lxi Mt (O),,"Rs. 5,68,930"
Maruti Suzuki Celerio,Vxi (O) Mt,,"Rs. 4,60,369"
Maruti Suzuki Celerio,Vxi (O) Ags,,"Rs. 4,77,511"
Maruti Suzuki Celerio,Zxi (O) Ags,,"Rs. 5,45,946"
Hyundai Grand I10 Prime,Era T Crdi,,"Rs. 5,28,804"
Hyundai Grand I10 Prime,Era T+ Crdi,,"Rs. 4,88,194"
Hyundai Grand I10 Prime,Era T Vtvt,,"Rs. 5,32,184"
Hyundai Grand I10 Prime,Era T+ Vtvt,,"Rs. 5,90,798"
Hyundai Grand I10 Prime,Era T+ Cng Vtvt,,"Rs. 6,19,243"
Hyundai Grand I10 Prime,Era T Cng Vtvt,,"Rs. 6,67,273"
Mahindra Kuv100 Nxt,K2 6Str,,"Rs. 5,79,645"
Mahindra Kuv100 Nxt,K2+ 6Str,,"Rs. 6,31,144"
Mahindra Kuv100 Nxt,K2 D 6Str,,"Rs. 7,54,548"
Mahindra Kuv100 Nxt,K2+ D 6Str,,"Rs. 6,93,550"
Mahindra Kuv100 Nxt,K4+ D 6Str,,"Rs. 7,87,304"
Mahindra Kuv100 Nxt,K4+ 6Str,,"Rs. 7,01,045"
Mahindra Kuv100 Nxt,K6+ 6Str,,"Rs. 7,94,800"
Mahindra Kuv100 Nxt,K6+ D 6Str,,"Rs. 5,73,250"
Mahindra Kuv100 Nxt,K8 6Str,,"Rs. 6,31,146"
Mahindra Kuv100 Nxt,K8 D 6Str,,"Rs. 6,87,175"
Mahindra Kuv100 Nxt,K8 6 Str Dual Tone,,"Rs. 6,60,832"
Mahindra Kuv100 Nxt,K8 D 6 Str Dual Tone,,"Rs. 7,48,128"
Mahindra Kuv100 Nxt,K4+ 5Str,,"Rs. 7,80,884"
Mahindra Kuv100 Nxt,K6+ 5Str,,"Rs. 5,50,155"
Mahindra Kuv100 Nxt,K8 5Str,,"Rs. 5,59,741"
Mahindra Kuv100 Nxt,K4+ D 5Str,,"Rs. 5,24,312"
Mahindra Kuv100 Nxt,K6+ D 5Str,,"Rs. 5,42,913"
Mahindra Kuv100 Nxt,K8 D 5Str,,"Rs. 5,19,000"
Mahindra Kuv100 Nxt,K2 D 5Str Taxi,,"Rs. 6,19,000"
Mahindra Kuv100 Nxt,K2 D 6Str Taxi,,"Rs. 6,66,000"
Mahindra Kuv100 Nxt,K2 5Str Cng Taxi,,"Rs. 6,78,000"
Mahindra Kuv100 Nxt,K2 6Str Cng Taxi,,"Rs. 7,25,000"
Maruti Suzuki Swift,Lxi,,"Rs. 7,58,000"
Maruti Suzuki Swift,Vxi,,"Rs. 5,99,000"
Maruti Suzuki Swift,Vxi Amt,,"Rs. 6,98,000"
Maruti Suzuki Swift,Zxi,,"Rs. 7,45,000"
Maruti Suzuki Swift,Zxi Amt,,"Rs. 7,57,000"
Maruti Suzuki Swift,Zxi Plus,,"Rs. 8,04,000"
Maruti Suzuki Swift,Ldi,,"Rs. 8,38,000"
Maruti Suzuki Swift,Vdi,,"Rs. 8,02,000"
Maruti Suzuki Swift,Vdi Amt,,"Rs. 8,84,000"
Maruti Suzuki Swift,Zdi,,"Rs. 5,29,000"
Maruti Suzuki Swift,Zdi Amt,,"Rs. 6,15,000"
Maruti Suzuki Swift,Zdi Plus,,"Rs. 6,84,000"
Maruti Suzuki Swift,Zxi Plus Amt,,"Rs. 7,44,000"
Maruti Suzuki Swift,Zdi Plus Amt,,"Rs. 7,69,000"
Tata Altroz,Xe Petrol,,"Rs. 6,99,000"
Tata Altroz,Xm Petrol,,"Rs. 7,75,000"
Tata Altroz,Xt Petrol,,"Rs. 8,44,000"
Tata Altroz,Xz Petrol,,"Rs. 9,04,000"
Tata Altroz,Xz (O) Petrol,,"Rs. 9,29,000"
Tata Altroz,Xe Diesel,,"Rs. 5,75,000"
Tata Altroz,Xm Diesel,,"Rs. 6,10,000"
Tata Altroz,Xt Diesel,,"Rs. 6,50,000"
Tata Altroz,Xz Diesel,,"Rs. 6,99,000"
Tata Altroz,Xz (O) Diesel,,"Rs. 6,60,000"
Tata Tigor,Revotron Xe,,"Rs. 7,49,000"
Tata Tigor,Revotron Xm,,"Rs. 5,82,287"
Tata Tigor,Revotron Xz,,"Rs. 7,02,946"
Tata Tigor,Revotron Xz Plus,,"Rs. 6,53,926"
Tata Tigor,Revotron Xma,,"Rs. 6,72,641"
Tata Tigor,Revotron Xza Plus,,"Rs. 7,32,475"
Tata Zest,Xe Petrol,,"Rs. 7,67,317"
Tata Zest,Xe Diesel,,"Rs. 7,93,898"
Tata Zest,Xm Petrol,,"Rs. 8,55,362"
Tata Zest,Xms Petrol,,"Rs. 8,36,320"
Tata Zest,Xt Petrol,,"Rs. 9,89,000"
Tata Zest,Xm Diesel,,"Rs. 7,88,797"
Tata Zest,Xms Diesel,,"Rs. 7,63,000"
Tata Zest,Xt Diesel,,"Rs. 7,05,000"
Tata Zest,Xma Diesel,,"Rs. 5,93,000"
Tata Zest,Xta Diesel,,"Rs. 8,65,000"
Tata Zest,Zest Premio Edition,,"Rs. 8,23,000"
Honda Amaze,S Cvt Petrol,,"Rs. 9,25,000"
Honda Amaze,E Mt Diesel,,"Rs. 7,85,000"
Honda Amaze,E Mt Petrol,,"Rs. 8,93,000"
Honda Amaze,S Cvt Diesel,,"Rs. 8,45,000"
Honda Amaze,V Cvt Petrol,,"Rs. 7,81,000"
Honda Amaze,V Cvt Diesel,,"Rs. 7,33,000"
Honda Amaze,S Mt Diesel,,"Rs. 6,73,000"
Honda Amaze,Vx Mt Diesel,,"Rs. 9,06,000"
Honda Amaze,V Mt Diesel,,"Rs. 7,94,000"
Honda Amaze,Vx Mt Petrol,,"Rs. 9,66,000"
Honda Amaze,V Mt Petrol,,"Rs. 8,64,000"
Honda Amaze,S Mt Petrol,,"Rs. 9,79,300"
Honda Amaze,Exclusive Edition Diesel,,"Rs. 8,77,300"
Honda Amaze,Exclusive Edition Petrol,,"Rs. 9,06,300"
Honda Amaze,Vx Cvt Diesel,,"Rs. 7,94,300"
Honda Amaze,Vx Cvt Petrol,,"Rs. 6,37,343"
Honda Amaze,Ace Edition Cvt Diesel,,"Rs. 6,22,730"
Honda Amaze,Ace Edition Cvt Petrol,,"Rs. 6,55,000"
Honda Amaze,Ace Edition Mt Diesel,,"Rs. 8,26,000"
Honda Amaze,Ace Edition Mt Petrol,,"Rs. 7,80,000"
Maruti Suzuki Gypsy,Hard Top,,"Rs. 9,59,000"
Maruti Suzuki Gypsy,Soft Top,,"Rs. 9,74,000"
Hyundai Venue,1.2 Kappa Mt E,,"Rs. 10,65,000"
Hyundai Venue,1.0 Turbo Gdi Mt S,,"Rs. 9,40,000"
Hyundai Venue,1.4 Crdi Mt E,,"Rs. 11,15,500"
Hyundai Venue,1.0 Turbo Gdi Mt Sx,,"Rs. 7,25,000"
Hyundai Venue,1.0 Turbo Gdi Mt Sx Dual Tone,,"Rs. 8,50,000"
Hyundai Venue,1.0 Turbo Gdi Mt Sx(O),,"Rs. 9,83,000"
Hyundai Venue,1.0 Turbo Gdi Dct S,,"Rs. 9,98,000"
Hyundai Venue,1.0 Turbo Gdi Dct Sx Plus,,"Rs. 10,89,000"
Hyundai Venue,1.2 Kappa Mt S,,"Rs. 6,95,000"
Hyundai Venue,1.4 Crdi Mt S,,"Rs. 7,70,000"
Hyundai Venue,1.4 Crdi Mt Sx,,"Rs. 8,70,000"
Hyundai Venue,1.4 Crdi Mt Sx Dual Tone,,"Rs. 9,50,000"
Hyundai Venue,1.4 Crdi Mt Sx(O),,"Rs. 9,70,000"
Tata Nexon,Xe,,"Rs. 10,40,000"
Tata Nexon,Xm,,"Rs. 10,60,000"
Tata Nexon,Xz,,"Rs. 8,30,000"
Tata Nexon,Xz Plus,,"Rs. 10,10,000"
Tata Nexon,Xz Plus Dual Tone,,"Rs. 10,30,000"
Tata Nexon,Xz Plus (O),,"Rs. 11,00,000"
Tata Nexon,Xz Plus (O) Dual Tone,,"Rs. 11,20,000"
Tata Nexon,Xma,,"Rs. 8,45,000"
Tata Nexon,Xza Plus,,"Rs. 9,20,000"
Tata Nexon,Xza Plus Dual Tone,,"Rs. 10,20,000"
Tata Nexon,Xza Plus (O),,"Rs. 11,00,000"
Tata Nexon,Xza Plus (O) Dual Tone,,"Rs. 11,20,000"
Tata Nexon,Xe Diesel,,"Rs. 11,90,000"
Tata Nexon,Xm Diesel,,"Rs. 12,10,000"
Tata Nexon,Xz Diesel,,"Rs. 9,80,000"
Tata Nexon,Xz Plus Diesel,,"Rs. 11,60,000"
Tata Nexon,Xz Plus Diesel Dual Tone,,"Rs. 11,80,000"
Tata Nexon,Xz Plus (O) Diesel,,"Rs. 12,50,000"
Tata Nexon,Xz Plus (O) Diesel Dual Tone,,"Rs. 12,70,000"
Tata Nexon,Xma Diesel,,"Rs. 7,15,860"
Tata Nexon,Xza Plus Diesel,,"Rs. 8,62,175"
Tata Nexon,Xza Plus Diesel Dual Tone,,"Rs. 9,32,025"
Tata Nexon,Xza Plus (O) Diesel,,"Rs. 9,91,434"
Tata Nexon,Xza Plus (O) Diesel Dual Tone,,"Rs. 9,97,763"
Fiat Linea,Active Fire,,"Rs. 8,86,398"
Fiat Linea,Active Multijet,,"Rs. 8,51,302"
Fiat Linea,Dynamic Multijet,,"Rs. 7,85,656"
Fiat Linea,Emotion Multijet,,"Rs. 7,49,192"
Fiat Linea,T-Jet Emotion,,"Rs. 8,59,497"
Mahindra Bolero Power Plus,Zlx,,"Rs. 8,19,117"
Mahindra Bolero Power Plus,Slx,,"Rs. 7,62,742"
Mahindra Bolero Power Plus,Sle,,"Rs. 8,14,742"
Mahindra Bolero Power Plus,Lx,,"Rs. 8,92,243"
Mahindra Bolero Power Plus,Plus Ac Bs4 Ps,,"Rs. 9,87,743"
Mahindra Bolero Power Plus,Plus Non Ac Bs4 Ps,,"Rs. 10,03,552"
Maruti Suzuki Vitara Brezza,Ldi,,"Rs. 10,37,742"
Maruti Suzuki Vitara Brezza,Vdi,,"Rs. 8,64,742"
Maruti Suzuki Vitara Brezza,Zdi,,"Rs. 9,42,243"
Maruti Suzuki Vitara Brezza,Zdi+,,"Rs. 10,59,742"
Maruti Suzuki Vitara Brezza,Zdi+ Dual Tone,,"Rs. 7,74,035"
Maruti Suzuki Vitara Brezza,Zdi+ Ags,,"Rs. 8,58,536"
Maruti Suzuki Vitara Brezza,Vdi Ags,,"Rs. 8,82,298"
Maruti Suzuki Vitara Brezza,Zdi Ags,,"Rs. 9,93,393"
Maruti Suzuki Vitara Brezza,Zdi+ Dual Tone Ags,,"Rs. 7,91,000"
Hyundai I20 Active,1.2 S,,"Rs. 8,71,000"
Hyundai I20 Active,1.2 Sx,,"Rs. 9,50,000"
Hyundai I20 Active,1.2 Sx Dual Tone,,"Rs. 11,30,000"
Hyundai I20 Active,1.4 Sx,,"Rs. 8,41,000"
Ford Ecosport,1.5L Ti-Vct Ambiente,,"Rs. 9,21,000"
Ford Ecosport,1.5L Ti-Vct Trend,,"Rs. 9,99,900"
Ford Ecosport,1.5L Ti-Vct Titanium,,"Rs. 10,90,000"
Ford Ecosport,1.5L Ti-Vct Titanium Plus At,,"Rs. 9,99,900"
Ford Ecosport,1.5L Tdci Ambiente,,"Rs. 11,45,000"
Ford Ecosport,1.5L Tdci Trend,,"Rs. 9,99,900"
Ford Ecosport,1.5L Tdci Titanium,,"Rs. 10,90,000"
Ford Ecosport,1.5L Tdci Titanium Plus,,"Rs. 7,99,990"
Ford Ecosport,1.5L Ti-Vct Titanium Plus,,"Rs. 9,19,990"
Ford Ecosport,1.5L Tdci Titanium S,,"Rs. 9,99,990"
Ford Ecosport,1.5L Ti-Vct Thunder Edition,,"Rs. 9,29,990"
Ford Ecosport,1.5L Tdci Thunder Edition,,"Rs. 9,99,990"
Renault Duster,Rxe Petrol,,"Rs. 11,19,990"
Renault Duster,Rxs Petrol,,"Rs. 12,09,990"
Renault Duster,Rxs (Opt) Cvt,,"Rs. 12,49,990"
Renault Duster,85 Ps Rxe Mt Diesel,,"Rs. 12,49,990"
Renault Duster,85 Ps Rxs Mt Diesel,,"Rs. 9,99,900"
Renault Duster,110 Ps Rxs Mt Diesel,,"Rs. 11,72,544"
Renault Duster,110 Ps Rxz Mt Diesel,,"Rs. 13,01,881"
Renault Duster,110 Ps Rxz Amt Diesel,,"Rs. 11,72,999"
Renault Duster,110 Ps Rxs Awd (Opt) Diesel,,"Rs. 13,28,545"
Hyundai Verna,1.6 Vtvt Sx,,"Rs. 12,87,999"
Hyundai Verna,1.6 Crdi Sx,,"Rs. 9,33,182"
Hyundai Verna,1.6 Crdi Sx (O),,"Rs. 8,17,867"
Hyundai Verna,1.6 Vtvt Sx (O),,"Rs. 11,78,894"
Hyundai Verna,1.6 Crdi Sx Plus At,,"Rs. 11,62,875"
Hyundai Verna,1.6 Vtvt Sx(O) At,,"Rs. 14,07,871"
Hyundai Verna,1.4 Vtvt Ex,,"Rs. 9,42,867"
Hyundai Verna,1.4 Vtvt E,,"Rs. 9,99,900"
Hyundai Verna,1.6 Vtvt Sx (O) Anniversary Edition,,"Rs. 8,30,127"
Hyundai Verna,1.6 Vtvt Sx Plus At,,"Rs. 9,15,128"
Hyundai Verna,1.6 Crdi Sx(O) At,,"Rs. 10,60,129"
Hyundai Verna,1.4 Crdi E,,"Rs. 11,84,129"
Hyundai Verna,1.4 Crdi Ex,,"Rs. 8,69,131"
Mahindra Xuv300,1.2 W4,,"Rs. 9,50,131"
Mahindra Xuv300,1.2 W6,,"Rs. 10,95,129"
Mahindra Xuv300,1.2 W8,,"Rs. 12,14,130"
Mahindra Xuv300,1.2 W8(O),,"Rs. 11,49,800"
Mahindra Xuv300,1.5 W4,,"Rs. 12,69,131"
Mahindra Xuv300,1.5 W6,,"Rs. 9,99,000"
Mahindra Xuv300,1.5 W8,,"Rs. 8,63,299"
Mahindra Xuv300,1.5 W8 (O),,"Rs. 9,64,199"
Mahindra Xuv300,1.5 W8 Amt,,"Rs. 12,11,599"
Mahindra Xuv300,1.5 W8 (O) Amt,,"Rs. 12,11,599"
Mahindra Xuv300,1.5 W6 Amt,,"Rs. 10,53,899"
Renault Lodgy,85 Ps Std,,"Rs. 11,30,099"
Renault Lodgy,85 Ps Rxe 8 Seater,,"Rs. 9,64,199"
Renault Lodgy,Stepway Rxz 110Ps 8-Seater,,"Rs. 8,76,500"
Renault Lodgy,Stepway Rxz 110Ps 7-Seater,,"Rs. 9,99,900"
Renault Lodgy,Stepway Rxl 85Ps 8-Seater,,"Rs. 9,99,900"
Renault Lodgy,Stepway Rxz 85Ps 8-Seater,,"Rs. 11,97,500"
Renault Lodgy,85 Ps Rxe 7 Seater,,"Rs. 14,49,500"
Volkswagen Vento,Trendline 1.6 (P),,"Rs. 9,58,500"
Volkswagen Vento,Highline 1.6 (P),,"Rs. 9,99,900"
Volkswagen Vento,Comfortline 1.6 (P),,"Rs. 12,10,500"
Volkswagen Vento,Highline 1.2 (P) Dsg,,"Rs. 13,36,500"
Volkswagen Vento,Highline Plus 1.2 (P) Dsg,,"Rs. 13,17,500"
Volkswagen Vento,Trendline 1.5 (D),,"Rs. 14,49,500"
Volkswagen Vento,Comfortline 1.5 (D),,"Rs. 13,17,500"
Volkswagen Vento,Highline 1.5 (D),,"Rs. 8,81,425"
Volkswagen Vento,Highline 1.5 (D) Dsg,,"Rs. 9,57,177"
Volkswagen Vento,Highline Plus 1.5 (D) Dsg,,"Rs. 9,60,868"
Volkswagen Vento,Gt Line (D),,"Rs. 9,75,868"
Volkswagen Vento,Gt Line (P) Dsg,,"Rs. 9,44,175"
Mahindra E2O Plus,P4,,"Rs. 9,52,900"
Mahindra E2O Plus,P6,,"Rs. 10,52,900"
Tata Tigor Ev,Xm+,,"Rs. 11,67,900"
Tata Tigor Ev,Xt+,,"Rs. 12,71,900"
Tata Tigor Ev,Xe+,,"Rs. 12,85,900"
Honda Brv,E Petrol,,"Rs. 11,87,900"
Honda Brv,S Petrol,,"Rs. 12,73,900"
Honda Brv,V Petrol,,"Rs. 13,82,900"
Honda Brv,Vx Petrol,,"Rs. 9,59,860"
Honda Brv,V Cvt Petrol,,"Rs. 9,99,148"
Honda Brv,S Diesel,,"Rs. 9,74,860"
Honda Brv,V Diesel,,"Rs. 9,99,000"
Honda Brv,Vx Diesel,,"Rs. 10,75,000"
Mahindra Thar,Crde,,"Rs. 12,99,000"
Mahindra Thar,700 Special Edition,,"Rs. 13,30,000"
Mahindra Thar,Crde Abs,,"Rs. 9,75,000"
Force Gurkha,Xpedition 5 Door,,"Rs. 12,25,000"
Force Gurkha,Xplorer 3 Door,,"Rs. 9,84,689"
Force Gurkha,Xtreme,,"Rs. 10,41,189"
Force Gurkha,Xtreme Abs,,"Rs. 10,94,689"
Force Gurkha,Xpedition 3 Door,,"Rs. 11,51,189"
Force Gurkha,Xplorer 5 Door,,"Rs. 9,89,219"
Maruti Suzuki Xl6,Zeta Mt,,"Rs. 9,92,748"
Maruti Suzuki Xl6,Alpha Mt,,"Rs. 10,29,650"
Maruti Suzuki Xl6,Zeta At,,"Rs. 11,42,157"
Maruti Suzuki Xl6,Alpha At,,"Rs. 9,99,900"
Fiat Abarth Avventura Tuv300 Plus,1.4 T-Jet,,"Rs. 11,56,471"
Fiat Abarth Avventura Tuv300 Plus,P4,,"Rs. 13,08,592"
Fiat Abarth Avventura Tuv300 Plus,P6,,"Rs. 14,68,440"
Fiat Abarth Avventura Tuv300 Plus,P8,,"Rs. 9,99,900"
Mahindra Marazzo,M2 7 Str,,"Rs. 11,64,569"
Mahindra Marazzo,M4 7 Str,,"Rs. 13,16,690"
Mahindra Marazzo,M6 7 Str,,"Rs. 14,76,538"
Mahindra Marazzo,M8 7 Str,,"Rs. 9,99,994"
Mahindra Marazzo,M2 8 Str,,"Rs. 12,36,258"
Mahindra Marazzo,M4 8 Str,,"Rs. 11,23,158"
Mahindra Marazzo,M6 8 Str,,"Rs. 12,20,030"
Mahindra Marazzo,M8 8 Str,,"Rs. 13,30,006"
Mahindra Scorpio,S3 2Wd,,"Rs. 13,60,668"
Mahindra Scorpio,4Wd Getaway,,"Rs. 15,40,081"
Mahindra Scorpio,2Wd Getaway,,"Rs. 16,63,054"
Mahindra Scorpio,S5 2Wd,,"Rs. 14,23,710"
Mahindra Scorpio,S7 120 2Wd,,"Rs. 14,25,599"
Mahindra Scorpio,S7 140 2Wd,,"Rs. 12,69,599"
Mahindra Scorpio,S11 2Wd,,"Rs. 12,99,599"
Mahindra Scorpio,S11 4Wd,,"Rs. 11,39,599"
Mahindra Scorpio,S9 2Wd,,"Rs. 16,10,180"
Skoda Monte Carlo,Monte Carlo 1.5 Tdi At,,"Rs. 14,18,313"
Skoda Monte Carlo,Monte Carlo 1.6 Mpi At,,"Rs. 15,39,488"
Skoda Monte Carlo,Monte Carlo 1.5 Tdi Mt,,"Rs. 15,88,943"
Skoda Monte Carlo,Monte Carlo 1.6 Mpi Mt,,"Rs. 17,10,118"
Mahindra Xuv500,G At,,"Rs. 17,16,319"
Mahindra Xuv500,W7,,"Rs. 18,37,586"
Mahindra Xuv500,W7 At,,"Rs. 17,41,319"
Mahindra Xuv500,W9,,"Rs. 18,62,586"
Mahindra Xuv500,W9 At,,"Rs. 16,10,180"
Mahindra Xuv500,W11,,"Rs. 14,18,313"
Mahindra Xuv500,W11 At,,"Rs. 15,39,488"
Mahindra Xuv500,W11 (O),,"Rs. 15,88,943"
Mahindra Xuv500,W11 (O) At,,"Rs. 17,10,118"
Mahindra Xuv500,G At,,"Rs. 17,16,319"
Mahindra Xuv500,W7,,"Rs. 18,37,586"
Mahindra Xuv500,W7 At,,"Rs. 17,41,319"
Mahindra Xuv500,W9,,"Rs. 18,62,586"
Mahindra Xuv500,W9 At,,"Rs. 18,52,488"
Mahindra Xuv500,W11,,"Rs. 19,73,664"
Mahindra Xuv500,W11 At,,"Rs. 12,30,924"
Mahindra Xuv500,W11 (O),,"Rs. 12,93,214"
Mahindra Xuv500,W11 (O) At,,"Rs. 12,67,208"
Mahindra Xuv500,W11 (O) Awd,,"Rs. 13,03,241"
Mahindra Xuv500,W11 (O) Awd At,,"Rs. 16,39,374"
Mahindra Xuv500,W3,,"Rs. 19,29,417"
Mahindra E Verito,D4,,"Rs. 19,12,593"
Mahindra E Verito,D2,,"Rs. 17,96,458"
Mahindra E Verito,D6,,"Rs. 13,71,864"
Tata Hexa,Xm Plus 4X2,,"Rs. 15,31,377"
Tata Hexa,Xt 4X4,,"Rs. 16,55,587"
Tata Hexa,Xta 4X2,,"Rs. 16,05,000"
Tata Hexa,Xt 4X2,,"Rs. 19,27,000"
Tata Hexa,Xe 4X2,,"Rs. 16,10,000"
Tata Hexa,Xm 4X2,,"Rs. 19,32,000"
Tata Hexa,Xma 4X2,,"Rs. 21,13,000"
Toyota Innova Crysta,2.4 Gx 7 Str,,"Rs. 16,20,000"
Toyota Innova Crysta,2.4 Vx 7 Str,,"Rs. 16,15,000"
Toyota Innova Crysta,2.4 Gx 8 Str,,"Rs. 21,03,000"
Toyota Innova Crysta,2.4 Vx 8 Str,,"Rs. 18,07,000"
Toyota Innova Crysta,2.4 Zx 7 Str,,"Rs. 14,93,000"
Toyota Innova Crysta,2.7 Gx At 8 Str,,"Rs. 14,98,000"
Toyota Innova Crysta,2.7 Gx At 7 Str,,"Rs. 20,97,000"
Toyota Innova Crysta,2.7 Zx At 7 Str,,"Rs. 18,92,000"
Toyota Innova Crysta,2.7 Vx 7 Str,,"Rs. 21,71,000"
Toyota Innova Crysta,2.7 Gx Mt 7 Str,,"Rs. 15,92,000"
Toyota Innova Crysta,2.7 Gx Mt 8 Str,,"Rs. 15,87,000"
Toyota Innova Crysta,Touring Sport 2.4 Vx 7 Str,,"Rs. 19,96,000"
Toyota Innova Crysta,Touring Sport 2.7 Vx 7 Str,,"Rs. 15,60,000"
Toyota Innova Crysta,Touring Sport 2.7 Zx At 7 Str,,"Rs. 20,55,000"
Toyota Innova Crysta,2.4 G Plus 7 Str,,"Rs. 16,61,000"
Toyota Innova Crysta,2.4 G Plus 8 Str,,"Rs. 18,03,000"
Jeep Compass,1.4 Limited At,,"Rs. 18,88,000"
Jeep Compass,1.4 Sport,,"Rs. 19,73,000"
Jeep Compass,1.4 Limited (O) At,,"Rs. 20,22,000"
Jeep Compass,2.0 Sport,,"Rs. 21,51,000"
Jeep Compass,2.0 Longitude,,"Rs. 21,99,000"
Jeep Compass,2.0 Longitude (O),,"Rs. 21,67,000"
Jeep Compass,2.0 Limited,,"Rs. 21,33,000"
Jeep Compass,2.0 Limited (O),,"Rs. 23,11,000"
Jeep Compass,2.0 Limited 4X4,,"Rs. 16,99,000"
Jeep Compass,2.0 Limited (O) 4X4,,"Rs. 15,99,000"
Jeep Compass,1.4 Limited Plus At Petrol,,"Rs. 19,00,000"
Jeep Compass,2.0 Limited Plus 4X2 Diesel,,"Rs. 20,70,000"
Jeep Compass,2.0 Limited Plus 4X4 Diesel,,"Rs. 20,36,300"
Jeep Compass,2.0 Sport Plus,,"Rs. 22,14,000"
Jeep Compass,1.4 Sport Plus,,"Rs. 24,99,000"
Jeep Compass,1.4 Longitude (O) At,,"Rs. 21,96,000"
Jeep Compass,1.4 Limited (O) At Petrol Black Pack,,"Rs. 16,45,000"
Jeep Compass,2.0 Limited (O) Black Pack,,"Rs. 18,06,000"
Jeep Compass,2.0 Limited (O) 4X4 Black Pack,,"Rs. 18,82,000"
Jeep Compass,2.0 Limited Plus 4X4 At,,"Rs. 19,36,000"
Jeep Compass,2.0 Longitude 4X4 At,,"Rs. 17,71,000"
Toyota Corolla Altis,G Petrol,,"Rs. 20,19,000"
Toyota Corolla Altis,G At Petrol,,"Rs. 17,93,900"
Toyota Corolla Altis,Gl Petrol,,"Rs. 19,44,900"
Toyota Corolla Altis,Gl Diesel,,"Rs. 21,24,900"
Toyota Corolla Altis,G Diesel,,"Rs. 20,54,900"
Toyota Corolla Altis,Vl At Petrol,,"Rs. 22,34,900"
Honda Civic,1.8 V Cvt,,"Rs. 20,88,000"
Honda Civic,1.8 Vx Cvt,,"Rs. 23,58,000"
Honda Civic,1.8 Zx Cvt,,"Rs. 24,95,000"
Honda Civic,1.6 Vx Mt,,"Rs. 25,15,000"
Honda Civic,1.6 Zx Mt,,"Rs. 28,95,000"
Mg Zs Ev,Excite,,"Rs. 29,95,000"
Mg Zs Ev,Exclusive,,"Rs. 33,95,000"
Kia Carnival,Premium 7 Str,,"Rs. 25,99,599"
Kia Carnival,Premium 8 Str,,"Rs. 27,79,599"
Kia Carnival,Prestige 7 Str,,"Rs. 30,99,599"
Kia Carnival,Prestige 9 (6+3) Str,,"Rs. 33,49,599"
Kia Carnival,Limousine 7 Str,,"Rs. 30,29,599"
Skoda Superb,Style 1.8 Tsi Mt,,"Rs. 25,99,599"
Skoda Superb,Style 1.8 Tsi At,,"Rs. 28,49,599"
Skoda Superb,L & K 1.8 Tsi At,,"Rs. 27,69,000"
Skoda Superb,L & K 2.0 Tdi At,,"Rs. 31,91,000"
Skoda Superb,Style 2.0 Tdi At,,"Rs. 32,05,000"
Skoda Superb,Corporate Edition 1.8 Tsi At,,"Rs. 30,19,000"
Skoda Superb,Corporate Edition 2.0 Tdi At,,"Rs. 32,16,000"
Volvo V40,Kinetic,,"Rs. 33,95,000"
Volvo V40,R Design,,"Rs. 29,77,000"
Toyota Fortuner,2.8 4X2 At,,"Rs. 28,18,000"
Toyota Fortuner,2.8 4X2 Mt,,"Rs. 34,20,000"
Toyota Fortuner,2.8 4X4 Mt,,"Rs. 34,70,000"
Toyota Fortuner,2.8 4X4 At,,"Rs. 32,33,000"
Toyota Fortuner,2.7 4X2 At,,"Rs. 29,20,000"
Toyota Fortuner,2.7 4X2 Mt,,"Rs. 29,90,000"
Toyota Fortuner,Trd Celebratory Edition,,"Rs. 34,20,000"
Ford Endeavour,3.2L 4X4 At Titanium Plus,,"Rs. 33,99,000"
Ford Endeavour,2.2L 4X2 At Titanium Plus,,"Rs. 35,20,000"
Ford Endeavour,2.2L 4X2 Mt Titanium,,"Rs. 39,30,000"
Mini Cooper 3 Door,Cooper D,,"Rs. 45,70,000"
Mini Cooper 3 Door,Cooper S,,"Rs. 42,40,000"
Skoda Kodiaq Scout,2.0 Tdi At,,"Rs. 38,30,000"
Bmw X1,Sdrive20D Expedition,,"Rs. 56,02,000"
Bmw X1,Sdrive20D Xline,,"Rs. 38,50,500"
Bmw X1,Xdrive20D M Sport,,"Rs. 41,40,000"
Bmw X1,Sdrive20D M Sport,,"Rs. 46,90,000"
Bmw X1,Sdrive20I Xline,,"Rs. 47,90,000"
Volvo S60,Polestar,,"Rs. 44,26,500"
Volvo S60,Momentum,,"Rs. 50,21,200"
Bmw 3-Series,320D Sport,,"Rs. 56,21,200"
Bmw 3-Series,320D Luxury Line,,"Rs. 50,21,200"
Bmw 3-Series,330I M Sport,,"Rs. 56,21,200"
Volvo S60 Cross Country,D4,,"Rs. 54,94,000"
Audi Q5,35 Tdi Premium Plus,,"Rs. 59,85,000"
Audi Q5,35 Tdi Technology,,"Rs. 54,94,000"
Audi Q5,45 Tfsi Premium Plus,,"Rs. 59,85,000"
Audi Q5,45 Tfsi Technology,,"Rs. 58,61,062"
Land Rover Rover  Evoque,S,,"Rs. 72,85,332"
Land Rover Rover  Evoque,Se R-Dynamic,,"Rs. 59,64,321"
Land Rover Rover  Evoque,S Petrol,,"Rs. 1,50,00,000"
Land Rover Rover  Evoque,Se R-Dynamic Petrol,,"Rs. 57,50,000"
Mercedes E-Class,E200,,"Rs. 61,50,000"
Mercedes E-Class,E350 D,,"Rs. 58,50,000"
Mercedes E-Class,E220D,,"Rs. 62,50,000"
Mercedes E-Class,E 63 S Amg,,"Rs. 59,90,000"
Mercedes E-Class,E200 Expression,,"Rs. 60,60,000"
Mercedes E-Class,E200 Exclusive,,"Rs. 65,90,000"
Mercedes E-Class,E220D Expression,,"Rs. 63,50,000"
Mercedes E-Class,E220D Exclusive,,"Rs. 63,94,000"
Volvo Xc60,Inscription D5,,"Rs. 64,26,497"
Bmw X4,Xdrive20D M Sport X,,"Rs. 64,90,000"
Bmw X4,Xdrive30D M Sport X,,"Rs. 78,90,000"
Bmw X4,Xdrive30I M Sport X,,"Rs. 68,40,000"
Jeep Wrangler,Unlimited,,"Rs. 81,90,000"
Mercedes C-Class Cabriolet,C300,,"Rs. 1,10,00,000"
Bmw Z4 Roadster,Sdrive 20I,,"Rs. 72,21,500"
Bmw Z4 Roadster,M 40I,,"Rs. 80,21,500"
Mercedes V-Class,Expression Elwb,,"Rs. 69,21,500"
Mercedes V-Class,Exclusive Lwb,,"Rs. 76,21,500"
Mercedes V-Class,Elite,,"Rs. 81,11,500"
Audi Q7,45 Tdi Premium Plus,,"Rs. 77,11,500"
Audi Q7,45 Tdi Technology Pack,,"Rs. 69,52,964"
Audi Q7,40 Tfsi Quattro Premium Plus,,"Rs. 72,46,802"
 ,40 Tfsi Quattro Technology Pack,,"Rs. 72,46,802"
 ,45 Tdi Black Styling,,"Rs. 75,00,000"
 ,40 Tfsi Quattro Black Styling,,"Rs. 87,90,000"
Land Rover Rover  Evoque Convertible,2.0 Hse Dynamic,,"Rs. 80,90,000"
Land Rover Rover Velar,2.0 Diesel R-Dynamic S,,"Rs. 1,31,24,000"
Land Rover Rover Velar,2.0 Petrol R-Dynamic S,,"Rs. 96,65,000"
Mercedes E-Class All Terrain,E 220D,,"Rs. 84,91,500"
Volvo Xc90,D5 Inscription,,"Rs. 2,05,17,853"
Volvo Xc90,D5 Momentum,,"Rs. 86,70,586"
Volvo Xc90,T8 Excellence,,"Rs. 94,48,181"
Volvo Xc90,T8 Inscription,,"Rs. 1,14,76,911"
Volvo Xc90,D5 R-Design,,"Rs. 1,56,00,000"
Land Rover Rover Sport,5.0L V8 Svr Petrol,,"Rs. 1,32,28,725"
Land Rover Rover Sport,2.0L S Petrol,,"Rs. 1,79,40,227"
Land Rover Rover Sport,2.0L Se Petrol,,"Rs. 1,03,73,732"
Land Rover Rover Sport,3.0L V6 Se Petrol,,"Rs. 1,19,13,021"
Land Rover Rover Sport,2.0L Hse Petrol,,"Rs. 1,49,08,985"
Land Rover Rover Sport,3.0L V6 Hse Petrol,,"Rs. 97,38,609"
Land Rover Rover Sport,5.0L V8 Autobiography Dynamic Petrol,,"Rs. 1,07,25,145"
Land Rover Rover Sport,3.0L Tdv6 S Diesel,,"Rs. 1,11,29,599"
Land Rover Rover Sport,3.0L Tdv6 Se Diesel,,"Rs. 1,58,06,000"
Land Rover Rover Sport,4.4L Sdv8 Hse Diesel,,"Rs. 1,92,10,000"
Jaguar Xj,3.0L,,"Rs. 1,19,36,000"
Jaguar Xj,3.0L Portfolio,,"Rs. 1,33,87,856"
Jaguar Xj,50,,"Rs. 1,38,81,858"
Porsche Cayenne,E-Hybrid,,"Rs. 1,42,47,814"
Porsche Cayenne,Turbo,,"Rs. 1,46,99,000"
Porsche Cayenne,Base,,"Rs. 1,70,72,000"
Maserati Ghibli,Diesel,,"Rs. 2,60,37,526"
Maserati Ghibli,Gransport,,"Rs. 3,25,22,000"
Maserati Ghibli,Granlusso,,"Rs. 1,95,27,130"
Toyota Land Cruiser,Vx,,"Rs. 4,04,99,548"
Audi Rs7,Sportback,,"Rs. 1,81,85,267"
Land Rover Range Rover,5.0L V8 Autobiography Petrol,,"Rs. 1,95,27,130"
Land Rover Range Rover,5.0L V8 Svautobiography Dynamic Petrol,,"Rs. 2,51,74,051"
Land Rover Range Rover,3.0L V6 Vogue Lwb Petrol,,"Rs. 3,92,94,685"
Land Rover Range Rover,5.0L V8 Svautobiography Lwb Petrol,,"Rs. 2,36,75,691"
Land Rover Range Rover,3.0L Tdv6 Vogue Diesel,,"Rs. 2,13,98,758"
Land Rover Range Rover,3.0L Tdv6 Vogue Lwb Diesel,,"Rs. 1,98,65,675"
Land Rover Range Rover,4.4L Sdv8 Autobiography Lwb Diesel,,"Rs. 2,15,83,466"
Land Rover Range Rover,4.4L Sdv8 Svautobiography Lwb Diesel,,"Rs. 2,32,64,134"
Land Rover Range Rover,4.4L Sdv8 Vogue Se Lwb Diesel,,"Rs. 2,27,33,626"
Land Rover Range Rover,3.0L V6 Vogue Se Lwb Petrol,,"Rs. 2,42,00,000"
Maserati Grancabrio,Standard,,"Rs. 3,71,33,704"
Mercedes Amg-Gt,S,,"Rs. 3,24,52,486"
Mercedes Amg-Gt,R,,"Rs. 3,51,50,732"
Mercedes Amg-Gt,Roadster,,"Rs. 3,76,14,126"
Mercedes Amg Gt 4-Door Coupe,63 S 4Matic+,,"Rs. 3,55,35,000"
Lamborghini Huracan,Lp 610-4,,"Rs. 4,07,42,932"
Lamborghini Huracan,Lp 580-2,,"Rs. 3,73,00,000"
Lamborghini Huracan,Avio,,"Rs. 4,10,00,000"
Lamborghini Huracan,Performante,,"Rs. 3,22,00,000"
Lamborghini Huracan,Lp 580-2 Spyder,,"Rs. 3,67,61,413"
Lamborghini Huracan,Lp 610-4 Spyder,,"Rs. 3,93,19,552"
Lamborghini Huracan,Evo,,"Rs. 4,20,00,000"
Lamborghini Huracan,Evo Spyder,,"Rs. 5,20,00,000"
Lamborghini Huracan,Evo Rwd,,"Rs. 4,78,93,943"
Ferrari 488 Gtb,Std,,"Rs. 5,32,10,327"
Ferrari 488 Gtb,Spider,,"Rs. 4,74,67,700"
Ferrari Gtc4 Lusso,V8 T,,"Rs. 5,92,16,193"
Ferrari Gtc4 Lusso,V12,,"Rs. 8,37,55,383"
Lamborghini Aventador,Lp 700-4,,"Rs. 2,82,778"
Lamborghini Aventador,Lp700-4 Roadster,,"Rs. 2,84,485"
Lamborghini Aventador,S,,"Rs. 4,12,292"
Rolls Royce Dawn,Convertible,,"Rs. 5,52,656"
Rolls Royce Drophead Coupe,Phantom,,"Rs. 5,74,448"
Maruti Suzuki Omni,5 Str Bs-Iv,,"Rs. 5,55,196"
Maruti Suzuki Omni,E 8 Str Bs-Iv,,"Rs. 5,00,575"
Datsun Go+,Datsun D,,"Rs. 5,93,361"
Datsun Go+,Datsun T,,"Rs. 6,15,153"
Datsun Go+,Datsun T (O),,"Rs. 6,58,361"
Datsun Go+,Datsun A (O),,"Rs. 6,80,153"
Datsun Go+,Datsun A,,"Rs. 4,82,330"
Datsun Go+,Datsun T Vdc,,"Rs. 5,75,947"
Datsun Go+,Datsun T (O) Vdc,,"Rs. 5,23,000"
Datsun Go+,Datsun T Cvt,,"Rs. 6,23,000"
Datsun Go+,Datsun T (O) Cvt,,"Rs. 5,99,900"
Fiat Punto Evo Pure,1.2L Fire Dynamic,,"Rs. 6,99,900"
Fiat Punto Evo Pure,1.3,,"Rs. 6,64,900"
Ford Figo,Ambiente 1.2 Ti-Vct,,"Rs. 7,64,900"
Ford Figo,Ambiente 1.5 Tdci,,"Rs. 7,46,621"
Ford Figo,Titanium 1.2 Ti-Vct,,"Rs. 8,68,221"
Ford Figo,Titanium1.5 Tdci,,"Rs. 6,68,611"
Ford Figo,Titanium Blu 1.2 Ti-Vct,,"Rs. 8,07,921"
Ford Figo,Titanium Blu 1.5 Tdci,,"Rs. 7,58,212"
Maruti Suzuki Baleno,1.3 Delta,,"Rs. 8,90,212"
Maruti Suzuki Baleno,1.3 Alpha,,"Rs. 6,36,612"
Maruti Suzuki Baleno,1.3 Sigma,,"Rs. 7,68,612"
Maruti Suzuki Baleno,1.3 Zeta,,"Rs. 5,58,602"
Maruti Suzuki Baleno,1.2 Alpha,,"Rs. 6,97,912"
Maruti Suzuki Baleno,1.2 Alpha Cvt,,"Rs. 7,33,412"
Maruti Suzuki Baleno,1.2 Delta,,"Rs. 7,89,912"
Maruti Suzuki Baleno,1.2 Delta Cvt,,"Rs. 8,29,912"
Maruti Suzuki Baleno,1.2 Sigma,,"Rs. 5,86,428"
Maruti Suzuki Baleno,1.2 Zeta,,"Rs. 6,20,637"
Maruti Suzuki Baleno,1.2 Delta Dualjet,,"Rs. 6,52,328"
Maruti Suzuki Baleno,1.2 Zeta Dualjet,,"Rs. 7,05,538"
Maruti Suzuki Baleno,1.2 Zeta Cvt,,"Rs. 6,40,537"
Hyundai Grand I10,1.2 Kappa Vtvt Magna,,"Rs. 6,53,452"
Hyundai Grand I10,1.2 Kappa Vtvt Sportz,,"Rs. 7,51,203"
Hyundai Grand I10,1.2 Kappa Vtvt Magna At,,"Rs. 6,46,336"
Hyundai Grand I10,1.2 Kappa Vtvt Sportz At,,"Rs. 8,08,558"
Hyundai Grand I10,1.2 Kappa Vtvt Sportz Dual Tone,,"Rs. 7,07,025"
Hyundai Grand I10,1.2 Kappa Vtvt Magna Cng,,"Rs. 8,36,461"
Fiat Linea Classic,1.3 Multijet,,"Rs. 9,12,534"
Fiat Linea Classic,1.4,,"Rs. 9,93,997"
Fiat Linea Classic,Plus 1.3 Multijet,,"Rs. 8,60,997"
Nissan Sunny,Xe Petrol,,"Rs. 9,93,997"
Nissan Sunny,Xl Petrol,,"Rs. 8,77,285"
Nissan Sunny,Xl Diesel,,"Rs. 7,59,000"
Nissan Sunny,Xv Diesel,,"Rs. 9,17,000"
Nissan Sunny,Xe Diesel,,"Rs. 9,36,000"
Nissan Sunny,Xv Cvt,,"Rs. 9,71,000"
Nissan Sunny,Special Edition Diesel,,"Rs. 8,34,000"
Maruti Suzuki Ertiga,Lxi,,"Rs. 10,13,000"
Maruti Suzuki Ertiga,Zxi,,"Rs. 9,86,689"
Maruti Suzuki Ertiga,Vxi At,,"Rs. 10,69,689"
Maruti Suzuki Ertiga,Zxi Plus,,"Rs. 11,20,689"
Maruti Suzuki Ertiga,Vxi,,"Rs. 8,87,689"
Maruti Suzuki Ertiga,Zxi At,,"Rs. 7,88,913"
Maruti Suzuki Ertiga,1.5L Vdi,,"Rs. 10,35,000"
Maruti Suzuki Ertiga,1.5L Zdi,,"Rs. 9,25,000"
Maruti Suzuki Ertiga,1.5L Zdi Plus,,"Rs. 9,25,000"
Maruti Suzuki Ertiga,Vxi Cng (Cng +,,"Rs. 8,15,000"
Maruti Suzuki Baleno Rs,Rs 1.0,,"Rs. 9,16,050"
Honda Wr-V,Vx Diesel,,"Rs. 8,08,050"
Honda Wr-V,Vx Petrol,,"Rs. 10,48,050"
Honda Wr-V,S Diesel,,"Rs. 9,35,050"
Honda Wr-V,S Petrol,,"Rs. 9,95,000"
Honda Wr-V,Edge Plus Edition Diesel,,"Rs. 8,54,328"
Honda Wr-V,Edge Plus Edition Petrol,,"Rs. 9,14,328"
Honda Wr-V,Exclusive Edition Diesel,,"Rs. 9,76,592"
Honda Wr-V,Exclusive Edition Petrol,,"Rs. 9,99,614"
Honda Wr-V,V Diesel,,"Rs. 10,31,943"
Mahindra Tuv300,T4 Plus,,"Rs. 10,22,930"
Mahindra Tuv300,T6 Plus,,"Rs. 10,55,259"
Mahindra Tuv300,T8,,"Rs. 8,80,689"
Mahindra Tuv300,T10,,"Rs. 9,92,689"
Mahindra Tuv300,T10 (O),,"Rs. 10,43,689"
Mahindra Tuv300,T10 Dual Tone,,"Rs. 11,43,689"
Mahindra Tuv300,T10 (O) Dual Tone,,"Rs. 9,49,999"
Maruti Suzuki S-Cross,1.3L Sigma,,"Rs. 10,49,999"
Maruti Suzuki S-Cross,1.3L Delta,,"Rs. 12,99,999"
Maruti Suzuki S-Cross,1.3L Zeta,,"Rs. 11,99,999"
Maruti Suzuki S-Cross,1.3L Alpha,,"Rs. 9,63,037"
Renault Captur,Rxe Petrol,,"Rs. 10,04,487"
Renault Captur,Rxe Diesel,,"Rs. 10,31,951"
Renault Captur,Platine Diesel Dual Tone,,"Rs. 10,66,139"
Renault Captur,Platine Petrol Dual Tone,,"Rs. 12,28,335"
Mahindra Xylo,D2 Bs-Iv,,"Rs. 9,89,000"
Mahindra Xylo,D4 Bs-Iv,,"Rs. 10,29,000"
Mahindra Xylo,H4 Bs-Iv,,"Rs. 11,49,000"
Mahindra Xylo,H4 Abs Bs-Iv,,"Rs. 13,09,000"
Mahindra Xylo,H8 Abs Airbags Bs-Iv,,"Rs. 14,09,000"
Kia Seltos,Hte 1.5,,"Rs. 10,34,000"
Kia Seltos,Htk 1.5,,"Rs. 11,54,000"
Kia Seltos,Htk Plus 1.5,,"Rs. 12,54,000"
Kia Seltos,Htx 1.5,,"Rs. 13,54,000"
Kia Seltos,Htx Cvt 1.5,,"Rs. 15,34,000"
Kia Seltos,Hte 1.5 Diesel,,"Rs. 16,34,000"
Kia Seltos,Htk 1.5 Diesel,,"Rs. 13,79,000"
Kia Seltos,Htk Plus 1.5 Diesel,,"Rs. 15,29,000"
Kia Seltos,Htk Plus At 1.5 Diesel,,"Rs. 16,29,000"
Kia Seltos,Htx Plus 1.5 Diesel,,"Rs. 16,29,000"
Kia Seltos,Htx Plus At 1.5 Diesel,,"Rs. 14,14,000"
Kia Seltos,Gtk 1.4,,"Rs. 9,99,900"
Kia Seltos,Gtx 1.4,,"Rs. 14,64,900"
Kia Seltos,Gtx At 1.4,,"Rs. 9,99,900"
Kia Seltos,Gtx Plus 1.4,,"Rs. 12,35,700"
Kia Seltos,Htx 1.5 Diesel,,"Rs. 14,19,900"
Nissan Terrano,Xe D 85Ps,,"Rs. 12,35,700"
Nissan Terrano,Xv D Premium 110 Ps Amt,,"Rs. 11,09,005"
Nissan Terrano,Xl (P),,"Rs. 13,35,158"
Nissan Terrano,Xl D(O),,"Rs. 14,79,574"
Nissan Terrano,Xv D Premium 110 Ps,,"Rs. 16,43,829"
Nissan Terrano,Sport Edition,,"Rs. 12,48,000"
Tata Safari Storme,2.2 Lx 4X2,,"Rs. 13,48,000"
Tata Safari Storme,2.2 Ex 4X2,,"Rs. 14,48,000"
Tata Safari Storme,2.2 Vx 4X2 Varicor 400,,"Rs. 15,88,000"
Tata Safari Storme,2.2 Vx 4X4 Varicor 400,,"Rs. 17,28,000"
Mg Hector,1.5L Style,,"Rs. 13,28,000"
Mg Hector,2.0L Style,,"Rs. 13,88,000"
Mg Hector,2.0L Super,,"Rs. 16,28,000"
Mg Hector,2.0L Smart,,"Rs. 14,98,000"
Mg Hector,2.0L Sharp,,"Rs. 15,68,000"
Mg Hector,1.5L Super,,"Rs. 17,18,000"
Mg Hector,1.5L Super Hybrid,,"Rs. 13,99,000"
Mg Hector,1.5L Sharp Hybrid,,"Rs. 14,99,000"
Mg Hector,1.5L Smart Hybrid,,"Rs. 15,99,000"
Mg Hector,1.5L Smart Dct,,"Rs. 15,89,000"
Mg Hector,1.5L Sharp Dct,,"Rs. 18,49,000"
Tata Nexon Ev,Xm,,"Rs. 19,49,000"
Tata Nexon Ev,Xz Plus,,"Rs. 20,39,000"
Tata Nexon Ev,Xz Plus Lux,,"Rs. 20,79,717"
Hyundai Elantra,S,,"Rs. 18,76,656"
Hyundai Elantra,Sx,,"Rs. 23,64,354"
Hyundai Elantra,Sx At,,"Rs. 21,87,384"
Hyundai Elantra,Sx(O) At,,"Rs. 26,97,417"
Hyundai Tucson,2Wd Mt Diesel,,"Rs. 23,73,522"
Hyundai Tucson,2Wd Mt Petrol,,"Rs. 22,46,749"
Hyundai Tucson,2Wd At Gl Diesel,,"Rs. 24,23,720"
Hyundai Tucson,2Wd At Gl Petrol,,"Rs. 30,21,500"
Hyundai Tucson,4Wd At Gls Diesel,,"Rs. 33,21,500"
Hyundai Tucson,2Wd At Gls Petrol,,"Rs. 25,99,000"
Hyundai Tucson,2Wd At Gl(O) Petrol,,"Rs. 28,99,000"
Hyundai Tucson,2Wd At Gl(O) Diesel,,"Rs. 27,85,288"
Volkswagen Passat,2.0 Tdi Comfortline,,"Rs. 28,86,871"
Volkswagen Passat,2.0 Tdi Highline,,"Rs. 32,83,000"
Volkswagen Passat,2.0 Tdi Comfortline Connect,,"Rs. 29,62,000"
Volkswagen Passat,2.0 Tdi Highline Connect,,"Rs. 34,90,000"
Mercedes A-Class,180,,"Rs. 37,40,000"
Mercedes A-Class,200D,,"Rs. 41,40,000"
Volvo V40 Cross Country,D3,,"Rs. 42,40,000"
Volvo V40 Cross Country,T4,,"Rs. 40,20,000"
Mini Countryman,Cooper S,,"Rs. 46,70,000"
Mini Countryman,Cooper Sd,,"Rs. 49,74,750"
Mini Countryman,Cooper S Jcw Inspired,,"Rs. 75,00,000"
Mini Countryman,Black Edition,,"Rs. 40,90,000"
Mercedes  C-Class,C 220D Prime,,"Rs. 46,54,000"
Mercedes  C-Class,C 220D Progressive,,"Rs. 45,09,000"
Mercedes  C-Class,C 300D Amg Line,,"Rs. 56,95,000"
Mercedes  C-Class,C 43 Amg,,"Rs. 60,60,000"
Mercedes  C-Class,C 200 Prime,,"Rs. 59,90,000"
Mercedes  C-Class,C 200 Progressive,,"Rs. 64,63,780"
Toyota Prius,Z8,,"Rs. 64,22,809"
Lexus Es,300H,,"Rs. 65,31,000"
Lexus Nx 300H,F-Sport,,"Rs. 69,48,200"
Lexus Nx 300H,Luxury,,"Rs. 73,70,000"
Jaguar F-Pace,Prestige,,"Rs. 1,25,00,000"
Jaguar F-Pace,Prestige Petrol,,"Rs. 84,70,000"
Volvo V90 Cross Country,D5 Inscription,,"Rs. 1,04,90,000"
Audi A5 Cabriolet,2.0 Tdi,,"Rs. 1,02,50,000"
Mercedes Gle,300D 4Matic,,"Rs. 1,35,90,000"
Mercedes Gle,400D 4Matic Hip Hop Edition,,"Rs. 1,74,20,000"
Mercedes Cls,300D,,"Rs. 1,88,44,000"
Bmw X7,Xdrive 40I,,"Rs. 2,12,40,272"
Bmw X7,Xdrive30D Dpe Signature,,"Rs. 2,95,00,000"
Bmw M4,Coupe,,"Rs. 3,88,45,823"
Porsche 911,Carrera S,,"Rs. 5,20,00,000"
Porsche 911,Carrera S Cabriolet,,"Rs. 3,54,235"
Nissan Gtr,3.8 V6,,"Rs. 3,56,559"
 Aston Martin Vantage,Coupe,,"Rs. 6,75,090"
Aston Martin Rapide,Luxe,,"Rs. 5,04,990"
Ferrari 812 Superfast,Superfast,,"Rs. 5,89,610"
Maruti Suzuki Alto 800 Tour,H1,,"Rs. 6,42,610"
Maruti Suzuki Alto 800 Tour,H1 (O),,"Rs. 6,43,350"
Hyundai Grand I10 Nios,Magna 1.2 Crdi,,"Rs. 7,03,350"
Hyundai Grand I10 Nios,Era 1.2 Vtvt,,"Rs. 6,73,350"
Hyundai Grand I10 Nios,Magna 1.2 Vtvt,,"Rs. 7,18,950"
Hyundai Grand I10 Nios,Magna Amt 1.2 Vtvt,,"Rs. 7,90,350"
Hyundai Grand I10 Nios,Sportz 1.2 Vtvt,,"Rs. 8,04,450"
Hyundai Grand I10 Nios,Sportz Amt 1.2 Vtvt,,"Rs. 6,43,769"
Hyundai Grand I10 Nios,Sportz Dual Tone 1.2 Vtvt,,"Rs. 7,33,734"
Hyundai Grand I10 Nios,Asta 1.2 Vtvt,,"Rs. 7,05,546"
Hyundai Grand I10 Nios,Sportz Amt 1.2 Crdi,,"Rs. 7,82,346"
Hyundai Grand I10 Nios,Asta 1.2 Crdi,,"Rs. 7,42,033"
Hyundai Xcent,S 1.2,,"Rs. 5,81,078"
Hyundai Xcent,S At 1.2,,"Rs. 7,98,558"
Hyundai Xcent,Sx 1.2,,"Rs. 8,75,358"
Hyundai Xcent,Sx 1.2 (O),,"Rs. 6,73,261"
Hyundai Xcent,S 1.2 Crdi,,"Rs. 6,62,880"
Hyundai Xcent,E,,"Rs. 7,81,686"
Hyundai Xcent,Sx 1.2 Crdi,,"Rs. 7,43,504"
Hyundai Xcent,Sx 1.2 Crdi (O),,"Rs. 8,12,964"
Hyundai Xcent,E Crdi,,"Rs. 9,42,263"
Nissan Micra,Xl (O) Cvt,,"Rs. 9,17,055"
Nissan Micra,Xv Cvt,,"Rs. 8,60,720"
Nissan Micra,Xld (O),,"Rs. 8,15,883"
Nissan Micra,Xvd,,"Rs. 7,73,678"
Mahindra Bolero,Zlx,,"Rs. 11,02,689"
Mahindra Bolero,Slx,,"Rs. 9,19,689"
Mahindra Bolero,Sle,,"Rs. 9,80,689"
Mahindra Bolero,Ex,,"Rs. 10,62,689"
Mahindra Bolero,Ex Non Ac,,"Rs. 8,19,689"
Maruti Suzuki Ciaz,1.3L Alpha Smart Hybrid,,"Rs. 8,81,689"
Maruti Suzuki Ciaz,1.3L Sigma Smart Hybrid,,"Rs. 9,58,689"
Maruti Suzuki Ciaz,1.3L Delta Smart Hybrid,,"Rs. 9,97,689"
Maruti Suzuki Ciaz,1.3L Zeta Smart Hybrid,,"Rs. 9,80,689"
Maruti Suzuki Ciaz,1.5L Sigma Smart Hybrid,,"Rs. 10,58,688"
Maruti Suzuki Ciaz,1.5L Delta Smart Hybrid,,"Rs. 10,98,689"
Maruti Suzuki Ciaz,1.5L Zeta Smart Hybrid,,"Rs. 11,38,189"
Maruti Suzuki Ciaz,1.5L Alpha Smart Hybrid,,"Rs. 9,97,689"
Maruti Suzuki Ciaz,1.5L Delta At Smart Hybrid,,"Rs. 11,09,189"
Maruti Suzuki Ciaz,1.5L Zeta At Smart Hybrid,,"Rs. 9,98,599"
Maruti Suzuki Ciaz,1.5L Alpha At Smart Hybrid,,"Rs. 10,06,139"
Maruti Suzuki Ciaz,1.5L Alpha,,"Rs. 8,81,916"
Maruti Suzuki Ciaz,1.5L Delta,,"Rs. 11,29,599"
Maruti Suzuki Ciaz,1.5L Zeta,,"Rs. 12,49,599"
Skoda Rapid,1.6 Mpi Ambition,,"Rs. 12,43,599"
Skoda Rapid,1.5 Tdi Cr Active,,"Rs. 13,99,599"
Skoda Rapid,1.6 Mpi Active,,"Rs. 12,73,599"
Skoda Rapid,1.5 Tdi Cr Ambition,,"Rs. 11,15,599"
Skoda Rapid,1.5 Tdi Cr Ambition At,,"Rs. 9,99,599"
Skoda Rapid,1.6 Mpi Style At,,"Rs. 9,75,599"
Skoda Rapid,1.5 Tdi Cr Style At,,"Rs. 10,99,599"
Skoda Rapid,1.5 Tdi Cr Style,,"Rs. 11,58,599"
Skoda Rapid,1.6 Mpi Style,,"Rs. 12,73,599"
Skoda Rapid,1.6 Mpi Ambition At,,"Rs. 9,80,970"
Skoda Rapid,Onyx Mt Petrol,,"Rs. 9,99,990"
Skoda Rapid,Onyx At Petrol,,"Rs. 9,99,990"
Skoda Rapid,Onyx Mt Diesel,,"Rs. 12,32,534"
Skoda Rapid,Onyx At Diesel,,"Rs. 13,94,437"
Fiat Abarth Punto,1.4 T-Jet,,"Rs. 13,77,363"
Hyundai Creta,1.4 Crdi E Plus,,"Rs. 12,87,041"
Hyundai Creta,1.6 Vtvt E Plus,,"Rs. 11,97,919"
Hyundai Creta,1.6 Vtvt Sx,,"Rs. 13,66,797"
Hyundai Creta,1.6 Vtvt Sx (O),,"Rs. 15,43,564"
Hyundai Creta,1.6 Vtvt Sx At,,"Rs. 15,27,395"
Hyundai Creta,1.6 Vtvt Sx Dual Tone,,"Rs. 14,21,208"
Hyundai Creta,1.4 Crdi S,,"Rs. 13,36,033"
Hyundai Creta,1.6 Crdi Sx,,"Rs. 14,22,937"
Hyundai Creta,1.6 Crdi Sx (O),,"Rs. 15,72,064"
Hyundai Creta,1.6 Crdi Sx At,,"Rs. 11,07,167"
Hyundai Creta,1.6 Crdi Sx Dual Tone,,"Rs. 10,92,192"
Hyundai Creta,1.6 Crdi S At,,"Rs. 12,79,983"
Hyundai Creta,1.6 Vtvt Sx (O) Executive,,"Rs. 14,14,247"
Hyundai Creta,1.6 Crdi Sx (O) Executive,,"Rs. 13,45,363"
Hyundai Creta,1.4 Crdi Ex,,"Rs. 14,71,368"
Hyundai Creta,1.6 Vtvt Ex,,"Rs. 15,91,368"
Hyundai Creta,Sports Edition Petrol,,"Rs. 17,21,368"
Hyundai Creta,Sports Edition Diesel,,"Rs. 17,32,231"
Tata Harrier,Revotorq Xe,,"Rs. 17,30,755"
Tata Harrier,Revotorq Xm,,"Rs. 16,54,783"
Tata Harrier,Revotorq Xt,,"Rs. 18,06,813"
Tata Harrier,Revotorq Xz,,"Rs. 19,99,000"
Tata Harrier,Revotorq Xz Dual Tone,,"Rs. 26,93,000"
Tata Harrier,Revotorq Dark Edition,,"Rs. 34,38,000"
Isuzu Dmax V-Cross,Standard,,"Rs. 32,33,000"
Isuzu Dmax V-Cross,High Z,,"Rs. 35,64,000"
Isuzu Dmax V-Cross,Z Prestige,,"Rs. 77,84,944"
Mitsubishi Outlander,2.4L Outlander,,"Rs. 38,64,000"
Mercedes Gla-Class,200 Sport,,"Rs. 80,67,000"
Mercedes Gla-Class,200 D Style,,"Rs. 43,21,237"
Mercedes Gla-Class,200 D Sport,,"Rs. 59,30,000"
Mercedes Gla-Class,45 Amg 4Matic,,"Rs. 66,80,000"
Mercedes Gla-Class,220 D 4Matic,,"Rs. 59,80,000"
Mercedes Gla-Class,45 Aero Edition,,"Rs. 68,90,000"
Honda Accord Hybrid,2.0 At,,"Rs. 74,50,000"
Bmw 5-Series,520D Luxury Line,,"Rs. 64,40,000"
Bmw 5-Series,530D M Sport,,"Rs. 64,40,000"
Bmw 5-Series,530I M Sport,,"Rs. 85,03,000"
Bmw 6-Series,630D Gt Luxury Line,,"Rs. 69,98,000"
Bmw 6-Series,630D Gt M Sport,,"Rs. 2,36,59,454"
Bmw 6-Series,630I Gt Luxury Line,,"Rs. 2,21,55,390"
Bmw 6-Series,620D Gt Luxury Line,,"Rs. 2,65,01,830"
Porsche Macan,S,,"Rs. 2,80,04,965"
Porsche Macan,Base,,"Rs. 90,92,578"
Jaguar F-Type,5.0 Convertible R,,"Rs. 1,01,44,987"
Jaguar F-Type,5.0 Coupe R,,"Rs. 1,04,19,200"
Jaguar F-Type,Svr Coupe,,"Rs. 93,66,433"
Jaguar F-Type,Svr Convertible,,"Rs. 1,54,90,000"
Jaguar F-Type,2.0L Coupe,,"Rs. 2,32,90,000"
Jaguar F-Type,2.0L Convertible,,"Rs. 4,33,67,500"
Jaguar F-Type,2.0 Convertible R Dynamic,,"Rs. 4,79,000"
Jaguar F-Type,2.0 Coupe R Dynamic,,"Rs. 5,26,000"
Bmw M5,Competition,,"Rs. 5,48,000"
Lexus Lx 570,V8,,"Rs. 4,34,000"
Ferrari 458 Spider,V8,,"Rs. 5,13,501"
Maruti Suzuki Wagon R,Vxi,,"Rs. 5,60,500"
Maruti Suzuki Wagon R,Vxi Ags,,"Rs. 5,94,800"
Maruti Suzuki Wagon R,1.2L Zxi,,"Rs. 4,41,000"
Maruti Suzuki Wagon R,Lxi,,"Rs. 4,86,001"
Maruti Suzuki Wagon R,1.2L Vxi,,"Rs. 5,20,500"
Maruti Suzuki Wagon R,1.2L Vxi Ags,,"Rs. 5,67,500"
Maruti Suzuki Wagon R,1.2L Zxi Ags,,"Rs. 5,33,000"
Maruti Suzuki Wagon R,Lxi (O),,"Rs. 5,00,500"
Maruti Suzuki Wagon R,Vxi (O),,"Rs. 5,07,500"
Maruti Suzuki Wagon R,1.2L Vxi (O),,"Rs. 5,94,993"
Maruti Suzuki Wagon R,1.2L Vxi Ags (O),,"Rs. 6,89,993"
Maruti Suzuki Wagon R,Vxi Ags (O),,"Rs. 6,39,993"
Maruti Suzuki Wagon R,Lxi Cng,,"Rs. 7,97,802"
Maruti Suzuki Wagon R,Lxi (O) Cng,,"Rs. 9,05,642"
Tata Tiago Nrg,1.2L Revotron,,"Rs. 9,84,818"
Tata Tiago Nrg,1.05L Revotorq,,"Rs. 8,32,415"
Tata Tiago Nrg,1.2L Revotron Amt,,"Rs. 9,72,359"
Mahindra Nuvosport,N4,,"Rs. 10,48,603"
Mahindra Nuvosport,N6,,"Rs. 9,55,000"
Mahindra Nuvosport,N8,,"Rs. 10,95,000"
Mahindra Nuvosport,N4 +,,"Rs. 11,09,000"
Mahindra Nuvosport,N6 Amt,,"Rs. 12,51,000"
Mahindra Nuvosport,N8 Amt,,"Rs. 13,69,000"
Nissan Kicks,Xl Petrol,,"Rs. 14,65,000"
Nissan Kicks,Xv Petrol,,"Rs. 14,65,000"
Nissan Kicks,Xl Diesel,,"Rs. 9,89,000"
Nissan Kicks,Xv Diesel,,"Rs. 23,71,858"
Nissan Kicks,Xv Premium,,"Rs. 37,88,000"
Nissan Kicks,Xv Premium (O),,"Rs. 60,61,200"
Nissan Kicks,Xv Premium (O) Dual Tone,,"Rs. 1,02,05,494"
Nissan Kicks,Xe Diesel,,"Rs. 96,89,321"
Nissan Kicks,15S,,"Rs. 84,33,741"
Hyundai Kona Electric,Premium,,"Rs. 80,77,550"
Toyota Camry,Hybrid,,"Rs. 88,77,094"
Audi A5,Sportback,,"Rs. 76,93,664"
Land Rover Discovery,3.0 Hse Diesel,,"Rs. 1,08,61,088"
Land Rover,3.0 Se Diesel,,"Rs. 89,37,846"
Land Rover,3.0 Hse Petrol,,"Rs. 1,82,21,000"
Land Rover,3.0 Se Petrol,,"Rs. 1,87,36,000"
Land Rover,3.0 S Diesel,,"Rs. 1,93,71,000"
Land Rover,3.0 S Petrol,,"Rs. 9,50,00,000"
Land Rover,3.0 Hse Luxury Diesel,,"Rs. 7,54,00,000"
Land Rover,3.0 Hse Luxury Petrol,,"Rs. 5,35,562"
Lexus Ls 500H,Luxury,,"Rs. 6,31,292"
Lexus Ls 500H,Ultra Luxury,,"Rs. 6,92,655"
Lexus Ls 500H,Distinct,,"Rs. 7,47,774"
Rolls Royce Phantom,Sedan,,"Rs. 9,40,000"
Rolls Royce Phantom,Ewb,,"Rs. 10,55,000"
Fiat Punto Evo,Dynamic 1.2,,"Rs. 11,74,000"
Fiat Punto Evo,Active Multijet 1.3,,"Rs. 14,18,000"
Fiat Punto Evo,Dynamic Multijet 1.3,,"Rs. 11,75,000"
Fiat Punto Evo,Emotion Multijet 1.3,,"Rs. 10,10,000"
Toyota Yaris,J,,"Rs. 12,94,000"
Toyota Yaris,G,,"Rs. 12,96,000"
Toyota Yaris,V,,"Rs. 11,97,000"
Toyota Yaris,Vx Cvt,,"Rs. 8,76,000"
Toyota Yaris,G Cvt,,"Rs. 9,74,000"
Toyota Yaris,J Cvt,,"Rs. 9,35,000"
Toyota Yaris,V Cvt,,"Rs. 10,83,000"
Toyota Yaris,Vx,,"Rs. 13,17,000"
Toyota Yaris,V (O),,"Rs. 15,99,599"
Toyota Yaris,J (O),,"Rs. 17,99,599"
Toyota Yaris,G (O),,"Rs. 18,99,599"
Toyota Yaris,J (O) Cvt,,"Rs. 20,59,599"
Toyota Yaris,G (O) Cvt,,"Rs. 20,79,599"
Toyota Yaris,V (O) Cvt,,"Rs. 22,99,599"
Skoda Octavia,Ambition 1.4 Tsi,,"Rs. 23,59,599"
Skoda Octavia,Ambition 2.0 Tdi Cr,,"Rs. 23,59,599"
Skoda Octavia,Style 1.4 Tsi,,"Rs. 15,49,000"
Skoda Octavia,Style 1.8 Tsi At,,"Rs. 16,99,000"
Skoda Octavia,Style 2.0 Tdi Cr,,"Rs. 19,99,599"
Skoda Octavia,Style 2.0 Tdi Cr At,,"Rs. 21,99,599"
Skoda Octavia,L & K 1.8 Tsi At,,"Rs. 52,75,000"
Skoda Octavia,L & K 2.0 Tdi Cr At,,"Rs. 57,75,000"
Skoda Octavia,Corporate Edition 1.4 Tsi,,"Rs. 1,31,51,000"
Skoda Octavia,Corporate Edition 2.0 Tdi,,"Rs. 1,97,63,000"
Skoda Octavia,Onyx 1.8 Tsi Dsg,,"Rs. 7,48,370"
Skoda Octavia,Onyx 2.0 Tdi Dsg,,"Rs. 7,72,617"
Mercedes Glc,200 Progressive,,"Rs. 8,45,154"
Mercedes Glc,220D 4Matic Progressive,,"Rs. 29,03,750"
Porsche Cayenne Coupe,Base,,"Rs. 28,35,500"
Porsche Cayenne Coupe,Turbo,,"Rs. 29,53,240"
Mahindra Verito,1.5 D2,,"Rs. 29,92,800"
Mahindra Verito,1.5 D4 Bs-Iv,,"Rs. 29,52,500"
Mahindra Verito,1.5 D6 Bs-Iv,,"Rs. 3,41,67,064"
Mitsubishi Pajero Sport,2.5 Mt,,"Rs. 3,93,82,083"
Mitsubishi Pajero Sport,2.5 At,,"Rs. 9,91,000"
Mitsubishi Pajero Sport,Limited Edition,,"Rs. 10,65,900"
Mitsubishi Pajero Sport,Select Plus Mt,,"Rs. 11,82,000"
Mitsubishi Pajero Sport,Select Plus At,,"Rs. 13,12,000"
Bentley Flying Spur,V8,,"Rs. 11,11,000"
Bentley Flying Spur,W12,,"Rs. 11,91,000"
Honda City,Sv Mt Petrol,,"Rs. 13,02,000"
Honda City,V Mt Petrol,,"Rs. 14,21,000"
Honda City,Vx Mt Petrol,,"Rs. 14,31,000"
Honda City,Vx Cvt Petrol,,"Rs. 12,01,000"
Honda City,Sv Mt Diesel,,"Rs. 68,62,560"
Honda City,V Mt Diesel,,
Honda City,Vx Mt Diesel,,
Honda City,Zx Mt Diesel,,
Honda City,Zx Cvt Petrol,,
Honda City,V Cvt Petrol,,
Mitsubishi Montero,3.2 At,,
Maruti Suzuki Jimny,Zeta,,
Maruti Suzuki Jimny,Alpha,,
Maruti Suzuki Jimny,Zeta AT,,
Maruti Suzuki Jimny,Alpha Dual Tone,,
Maruti Suzuki Jimny,Alpha AT,,
Maruti Suzuki Jimny,Alpha Dual Tone AT,,
Mg Gloster ,Sharp 7 Str 4x2,,
Mg Gloster ,Savvy 6 Str 4x2,,
Mg Gloster ,Savvy 7 Str 4x2,,
Mg Gloster ,Dessert Storm,,
Mg Gloster ,Snow Storm,,
Mg Gloster ,Blackstorm,,
Mg Gloster ,Blackstorm 6 Str 4x2,,
Mg Gloster ,Savvy 7 Str 4x4,,
Mg Gloster ,Savvy 6 Str 4x4,,
Mg Gloster ,Blackstorm 4x4,,
Mg Gloster ,Blackstorm 6 Str 4x4,,
Mg Comet,Executive,,
Mg Comet,Excite,,
Mg Comet,Excite FC,,
Mg Comet,Exculsive,,
Mg Comet,Exculsive FC,,
Mahindra 3XO,MX1,,"Rs. 7,79,000"
Mahindra 3XO,MX2,,"Rs. 9,92,000"
Mahindra 3XO,MX3,,"Rs. 9,74,000"
Mahindra 3XO,MX3 Pro,,"Rs. 9,99,000"
Mahindra 3XO,AX5,,"Rs. 10,99,000"
Mahindra 3XO,AX5 L Turbo,,"Rs. 12,24,000"
Mahindra 3XO,AX7 Turbo,,"Rs. 12,49,000"
Mahindra 3XO,AX7 L Turbo,,"Rs. 13,99,000"
Mahindra 3XO,AX7 L Turbo AT,,"Rs. 15,49,000"
Kia Sonet,HTE ,,"Rs. 8,00,000"
Kia Sonet,HTK,,"Rs. 9,03,000"
Kia Sonet,HTK Plus,,"Rs. 10,12,000"
Kia Sonet,Gravity,,"Rs. 10,50,000"
Kia Sonet,Gravity Turbo iMT,,"Rs. 11,20,000"
Kia Sonet,HTX Turbo iMT,,"Rs. 11,72,000"
Kia Sonet,HTX Turbo DCT,,"Rs. 12,51,000"
Kia Sonet,GTX Turbo DCT,,"Rs. 13,72,000"
Kia Sonet,GTX Plus Turbo DCT,,"Rs. 14,82,000"
Kia Sonet,X-Line Turbo DCT,,"Rs. 14,92,000"
Kia Sonet,X-Line Diesel AT,,"Rs. 15,77,000"
