name,Price,image
Tata Nano Genx,292667,https://cdni.autocarindia.com/ExtraImages/20190130064236_Tata-Nano.jpg
Datsun Redi-Go,279650,https://img.indianautosblog.com/2018/02/Datsun-redi-GO-1.0-AMT-front-angle-view.jpg
Maruti Suzuki Alto K10,377588,https://static.india.com/wp-content/uploads/2022/08/AltoK10.jpg?impolicy=Medium_Resize&w=1200&h=800
Datsun Go,374990,https://cdni.autocarindia.com/Utils/ImageResizer.ashx?n=https://cdni.autocarindia.com/Galleries/20130715084527_web1.jpg
Maruti Suzuki Celerio Tour,422444,https://www.marutisuzuki.com/tour-h2-brochure/images/cover.jpg
Hyundai Santro,429990,https://stimg.cardekho.com/images/carexteriorimages/930x620/Hyundai/Santro/7457/1644827486248/front-left-side-47.jpg
Tata Tiago,460000,https://imgd.aeplcdn.com/642x361/n/cw/ec/171229/tata-tiago-left-front-three-quarter17.jpeg?isig=0&wm=1&q=75
Maruti Suzuki Celerio X,481074,https://encrypted-tbn0.gstatic.com/images?q=tbn:ANd9GcSlIUG8W5eFB4CHoPsTXMnUo57z7zFfccKDRQ&s
Maruti Suzuki Ignis,713898,https://cdni.autocarindia.com/Utils/ImageResizer.ashx?n=https://cdni.autocarindia.com/ExtraImages/20200218111513_Maruti-Ignis-facelift.jpg&w=700&c=1
Renault Triber,495000,https://upload.wikimedia.org/wikipedia/commons/thumb/f/f3/2021_Renault_Triber_RXZ_%28Indonesia%29_front_view.jpg/1200px-2021_Renault_Triber_RXZ_%28Indonesia%29_front_view.jpg
Toyota Etios Liva,520300,https://imgd.aeplcdn.com/600x337/cw/ec/25016/Toyota-Etios-Liva-facelift-80450.jpg?wm=1&q=75
Nissan Micra Active,525021,https://images.carandbike.com/car-images/large/nissan/micra-active/nissan-micra-active.jpg?v=8
Tata Bolt,787980,https://imgd.aeplcdn.com/664x374/ec/bb/D5/17402/img/ol/Tata-Bolt-Right-Front-Three-Quarter-47397.jpg?v=201711021421&q=80
Hyundai Xcent Prime,556130,"https://img.etimg.com/thumb/width-1600,height-900,imgsize-108232,resizemode-75,msid-31890811/hyundai-xcent-sedan-launched-at-a-starting-price-of-rs-4-66-lakh.jpg"
Maruti Suzuki Dzire Tour,653523,https://cdni.autocarindia.com/Utils/ImageResizer.ashx?n=https://cdni.autocarindia.com/ExtraImages/20230210032948_WhatsApp_Image_2023_02_10_at_1.png&w=700&c=1
Hyundai Elite I20,559693,https://akm-img-a-in.tosshub.com/indiatoday/images/story/202003/Hyundai_Elite_i20_Petrol_BS6_I.png?size=690:388
Hyundai Aura,579900,https://imgd-ct.aeplcdn.com/664x415/n/cw/ec/139133/aura-exterior-left-front-three-quarter.jpeg?isig=0&q=80
Volkswagen Polo,582000,https://www.livemint.com/lm-img/img/2024/03/23/600x338/2-0-576043766-Volkswagen-Polo-GTI-0_1680268918249_1711167306420.JPG
Maruti Suzuki Dzire,582613,https://stimg.cardekho.com/images/carexteriorimages/930x620/Maruti/Swift-Dzire/10243/1686044076724/front-left-side-47.jpg
Ford Freestyle,676400,https://www.v3cars.com/media/model-imgs/1625903172-Ford-Freestyle.jpg
Volkswagen Ameo,711500,"https://img.etb2bimg.com/imgv2/width-368,height-311,resize_mode-1/retail_files/ameo-1504178657-prod-var.jpg"
Ford Aspire,598500,https://images.thequint.com/thequint%2F2015-10%2F8c375644-435f-441a-9ce5-b29859fed5e3%2FFord-Figo-Aspire-Hero.jpg?auto=format%2Ccompress&fmt=webp&width=720&w=1200
Toyota Platinum Etios,627100,https://auto.economictimes.indiatimes.com/files/retail_files/platinum-etios-1504001089-prod-var.jpg
Toyota Etios Cross,802000,https://stimg.cardekho.com/images/carexteriorimages/360x240/Toyota/Toyota-Etios-Cross/047.jpg
Mahindra Verito Vibe,657628,https://encrypted-tbn0.gstatic.com/images?q=tbn:ANd9GcScLAfa-U2aIEJZ0sdU7hH4HixHrBhQOAO3_w&s
Fiat Urban Cross,677618,https://i.ndtvimg.com/i/2016-09/fiat-avventura-urban-cross_827x510_51474447410.jpg
Toyota Glanza,721900,https://imgd.aeplcdn.com/1920x1080/n/cw/ec/112839/glanza-exterior-left-front-three-quarter.jpeg?isig=0&q=80&q=80
Fiat Avventura,796132,https://imgd.aeplcdn.com/1280x720/ec/79/0E/14428/img/m/Fiat-Avventura-Front-view-31590_ol.jpg?t=153152420&t=153152420
Honda Jazz,745000,https://cdni.autocarindia.com/Utils/ImageResizer.ashx?n=https://cdni.autocarindia.com/ExtraImages/20150613012140_1.JPG&w=700&c=1
Jeep Compass Trailhawk,2680000,https://stimg.cardekho.com/images/carexteriorimages/930x620/Jeep/Jeep-Trailhawk/6974/1561461281768/front-left-side-47.jpg
Isuzu Mu-X,2734834,https://encrypted-tbn0.gstatic.com/images?q=tbn:ANd9GcT2E095TBF7FV-rgokxWM82CAG44mRp_VVazA&s
Mahindra Alturas G4,2770150,https://www.carandbike.com/_next/image?url=https%3A%2F%2Fimages.carandbike.com%2Fcms%2Farticles%2F2023%2F10%2F2012424%2Fsro4jl74_mahindra_alturas_g4_review_625x300_21_November_18_00c50c9970.webp&w=640&q=75
Volkswagen Tiguan,2814500,https://encrypted-tbn0.gstatic.com/images?q=tbn:ANd9GcRPkah3r9PqauF8hRjzVH_rOyunSlBFK25ChA&s
Honda Cr-V,2827001,https://imgd-ct.aeplcdn.com/664x415/cw/ec/34457/Honda-CRV-Exterior-151102.jpg?wm=1&q=80
Skoda Superb Sportline,2899599,https://encrypted-tbn0.gstatic.com/images?q=tbn:ANd9GcT1MvN3b11TaIExRtj0LSt6yS6pfHyxU8_h3Q&s
Audi A3,3021200,https://autotijd.be/images/audi/2024/a3-berline/facelift/audi-a3-berline-2024-01.jpg
Mercedes B-Class,2988311,https://encrypted-tbn0.gstatic.com/images?q=tbn:ANd9GcQKJn8QA-GW2qGCX-qYVwJTA7kYO9uwtd5bYA&s
Mercedes Cla-Class,3599000,https://imgd.aeplcdn.com/664x374/cw/ec/22898/MercedesBenz-CLA-Facelift-Exterior-70480.jpg?v=201711021421&q=80
Skoda Kodiaq,3299599,https://encrypted-tbn0.gstatic.com/images?q=tbn:ANd9GcTG8__g0L9YwQbLNzK2n44pGr-1xo_qZ02iqQ&s
Dc Avanti,3407407,https://www.carandbike.com/_next/image?url=http%3A%2F%2Fi.ndtvimg.com%2Fi%2F2015-10%2Fdc-avanti_827x510_41445247609.jpg&w=640&q=75
Audi Q3,3677200,https://encrypted-tbn0.gstatic.com/images?q=tbn:ANd9GcTW7AqfSF3z-aBziIKL5cvXyXKTov4O4Lq3KQ&s
Mini Cooper 5 Door,3600000,https://encrypted-tbn0.gstatic.com/images?q=tbn:ANd9GcR0OhxTY2oajoVlFaJ3nwssvOzhU1fqOVcAMQ&s
Mini Convertible,3830000,https://stimg.cardekho.com/images/carexteriorimages/930x620/Mini/Cooper-Convertible/5182/1647857852543/front-left-side-47.jpg
Volvo Xc40,3990000,https://www.financialexpress.com/wp-content/uploads/2022/09/20220912075305-XC40-launch.jpg?w=700
Mini Clubman,4120000,https://encrypted-tbn0.gstatic.com/images?q=tbn:ANd9GcTw5ZGr02HNgEsTsBZG-HKHU_-UdzgQkAkljg&s
Audi A4,4149000,https://www.autocar.co.uk/sites/autocar.co.uk/files/audi-a4-rt-2015-0024_0.jpg
Mini John Cooper Works,4350000,https://encrypted-tbn0.gstatic.com/images?q=tbn:ANd9GcQ7yhnrIQofqS6sp3FyxFItLAVi6j5QE2nMFQ&s
Jaguar Xe,4498000,https://car-images.bauersecure.com/wp-images/3364/xe_100.jpg
Jaguar Xf,5436329,https://cdn.motor1.com/images/mgl/LZMpW/s3/2021-jaguar-xf-front.jpg
Audi A3 Cabriolet,5038000,https://encrypted-tbn0.gstatic.com/images?q=tbn:ANd9GcQUJ7iY3wYpMKi1ZKYey8aN8w9vvk6F9-vxFg&s
Audi A6,5442200,https://encrypted-tbn0.gstatic.com/images?q=tbn:ANd9GcRE5Ks2GBr87gSCxA2MsmKXhG73b2WMplSzEQ&s
Bmw X3,5930000,https://imgd.aeplcdn.com/664x374/n/cw/ec/110503/x3-exterior-left-front-three-quarter.jpeg?isig=0&q=80
Land Rover Discovery Sport,5706000,https://encrypted-tbn0.gstatic.com/images?q=tbn:ANd9GcQcYtjKXvrzpR9b-VPwop0hqDZZ6DZbHQparA&s
Volvo S90,5890000,https://imgd.aeplcdn.com/664x374/n/cw/ec/131145/s90-exterior-left-front-three-quarter.jpeg?isig=0&q=80
Audi S5,7243000,https://imgd.aeplcdn.com/1920x1080/n/cw/ec/51378/s5-sportback-exterior-left-front-three-quarter-2.jpeg?q=80&q=80
Bmw X5,7330000,https://encrypted-tbn0.gstatic.com/images?q=tbn:ANd9GcQOoOr0ZS7vANgrxqJup9EK5pfRjQLQTrNIYA&s
Ford Mustang,7462000,https://encrypted-tbn0.gstatic.com/images?q=tbn:ANd9GcSN9amwjcdph5acoFQZQghYiBBR_j1Pk2PAWw&s
Jeep Grand Cherokee,7882867,https://encrypted-tbn0.gstatic.com/images?q=tbn:ANd9GcSh44uiFy9icQxVKGk_1B4hz2SMzHvDuykd5A&s
Bm,8180000,
Porsche,8995000,
Mercedes Gls,8820000,https://www.financialexpress.com/wp-content/uploads/2023/12/Mercedes-Benz-GLS.jpg
Toyota Land Cruiser Prado,9630000,https://encrypted-tbn0.gstatic.com/images?q=tbn:ANd9GcQHo9ARsa3D1l6AQSPKgJcP0pfH9O0Mh1U4LA&s
Lexus Rx 450H,9900000,https://encrypted-tbn0.gstatic.com/images?q=tbn:ANd9GcQiBB_-8jy_zGsq8Pk7EWSqP000Ui2punmBKA&s
Audi Rs5,11141200,"https://hips.hearstapps.com/hmg-prod/images/2023-audi-rs-5-coupe-101-1664913723.jpg?crop=0.493xw:0.553xh;0.147xw,0.308xh&resize=768:*"
Bmw 7-Series,12290000,https://encrypted-tbn0.gstatic.com/images?q=tbn:ANd9GcROR8a3lqakjHz5jIwR-F87OkMTrwrfJBmS8g&s
Audi Q8,13359500,https://www.autocar.co.uk/sites/autocar.co.uk/files/styles/gallery_slide/public/audi-q8-review-2023-001-tracking-front.jpg?itok=t_I9L9Ow
Mercedes S-Class,13558438,https://cdn.motor1.com/images/mgl/ge78o/s1/2020-mercedes-s-class-sedan-render.webp
Maserati Levante,14512054,https://www.autocar.co.uk/sites/autocar.co.uk/files/styles/gallery_slide/public/maserqati-levante-v8-ultima-review-01-tracking-front.jpg?itok=WHBMQHsD
Mercedes G-Class,21875136,https://www.autobest.co.in/uploads/blog/774631014176.jpg
Audi A8 L,15600000,https://imgctcf.aeplcdn.com/thumbs/p-nc-b-ver19/images/cars/Audi/thumb-1920-971761.jpg?q=75
Maserati Granturismo,17229579,"https://hips.hearstapps.com/hmg-prod/images/2024-maserati-granturismo-trofeo-106-6620070b3aa49.jpg?crop=0.545xw:0.409xh;0.0865xw,0.450xh&resize=1200:*"
Maserati Quattroporte,17900000,https://encrypted-tbn0.gstatic.com/images?q=tbn:ANd9GcRPWoq6_5FhzDC1-UcgSniteD_kQZq9T4w_qQ&s
Lexus Lc 500H,19600000,https://encrypted-tbn0.gstatic.com/images?q=tbn:ANd9GcRRG-cxGGanq2D13DgFpguNVlxmRQ-stQKEDQ&s
Mercedes Maybach,27308312,https://www.mercedes-benz.co.in/content/india/en/passengercars/models/saloon/mercedes-maybach-s-class/overview/_jcr_content/root/responsivegrid/media_slider/media_slider_item/image.component.damq1.3353605823987.jpg/mercedes-maybach-s-class-z223-teaser-exterior-3302x1858-10-2022.jpg
Porsche Panamera,21263000,https://encrypted-tbn0.gstatic.com/images?q=tbn:ANd9GcTy0cQmhEWgpCn2ht4W-upo7KZPZ20bKAaagQ&s
Lexus Lx 450D,23290000,https://encrypted-tbn0.gstatic.com/images?q=tbn:ANd9GcQ3WVReubMclB2rTnHpwJib1rfg-tRs34fzKg&s
Mercedes Class Cabriolet,23491293,https://imgd-ct.aeplcdn.com/664x415/cw/ec/26933/MercedesBenz-EClass-Cabriolet-Exterior-129489.jpg?wm=0&q=80
Audi R8,27245000,https://encrypted-tbn0.gstatic.com/images?q=tbn:ANd9GcRkY5j100iRvIVPhydjT319sGG_nCgS61nmtQ&s
Lamborghini Urus,30000000,https://www.financialexpress.com/wp-content/uploads/2022/09/new-lamborghini-urus-s-unveiled.jpg
Bentley Continental Gt,33791059,https://stimg.cardekho.com/images/carexteriorimages/930x620/Bentley/Continental/7771/1708637147871/front-left-side-47.jpg
Ferrari Portofino,35000000,https://encrypted-tbn0.gstatic.com/images?q=tbn:ANd9GcQAG1tQZtRnh3ja_-PvYhXTGFaFgQwrqr2BaA&s
Bentley Bentayga,45941557,https://encrypted-tbn0.gstatic.com/images?q=tbn:ANd9GcS7fq9Pom9F6_tMYRD3OxrlroCV_49GvPrQAw&s
Aston Martin Db 11,40456503,https://encrypted-tbn0.gstatic.com/images?q=tbn:ANd9GcRNcLg375fCI9GuaxICr59pztAfGZ-RcKAUuQ&s
Ferrari 458 Speciale,42531500,"https://hips.hearstapps.com/hmg-prod/amv-prod-cad-assets/images/13q4/551762/2014-ferrari-458-speciale-photo-551763-s-986x603.jpg?crop=0.575xw:0.939xh;0.236xw,0.0611xh&resize=640:*"
Rolls Royce Ghost Series Ii,46709733,https://blogger.googleusercontent.com/img/b/R29vZ2xl/AVvXsEgQSjE0t2bDuU36Fy4kl5XYa2IhQlFtbp2phl_CUNKW_avHxrxPgnkhvIa7U8yMpnbXWLwJgs2FV0egNkTZ-q6ndPgpVkCq49WPmWrovHe_G-EGy7JuFw_Ae_npOzwTivwnhGaUN8kUSL_DJKytd5aRJRsviOCyAxgtAyuFttJ7Z4uvbgyHgXeVvUDAPw/s600/3161_main_f.jpg
Rolls Royce Wraith,50025840,https://encrypted-tbn0.gstatic.com/images?q=tbn:ANd9GcRpWDJCjXruh1nv0oV-P_p9GfIT2Lxmh0PKpA&s
Bentley Mulsanne,52571294,https://encrypted-tbn0.gstatic.com/images?q=tbn:ANd9GcRWvP7xnwexh0_yGu-fv48xhtCiv9gHOBY2yQ&s
Rolls Royce Cullinan,69500000,https://cdn.motor1.com/images/mgl/0bK33/s1/rolls-royce-cullinan.webp
Rolls Royce Phantom Coupe,77312661,https://encrypted-tbn0.gstatic.com/images?q=tbn:ANd9GcQxWHcTprqF2U4FDjXDQyuVdi4OfSq3fcm-Nw&s
Bugatti Chiron,192142937,https://encrypted-tbn0.gstatic.com/images?q=tbn:ANd9GcThz5ygOY5kL5PKKuMi7bP8U0udr1qeOlwtLQ&s
Maruti Suzuki Alto,294800,https://www.carandbike.com/_next/image?url=https%3A%2F%2Fimages.carandbike.com%2Fcar-images%2Fbig%2Fmaruti-suzuki%2Falto-800%2Fmaruti-suzuki-alto-800.jpg%3Fv%3D45&w=3840&q=25
Maruti Suzuki S-Presso,370500,https://encrypted-tbn0.gstatic.com/images?q=tbn:ANd9GcQLlFQpm53WLAIuuAuonp16NtmEtOqHQA3ijQ&s
Maruti Suzuki Celerio,426289,https://stimg.cardekho.com/images/carexteriorimages/930x620/Maruti/Celerio/10356/1687520425516/front-left-side-47.jpg
Hyundai Grand I10 Prime,551530,https://encrypted-tbn0.gstatic.com/images?q=tbn:ANd9GcT0dIUL1ICHlJ59_wz-la0QxKj1_P2uATl4GA&s
Mahindra Kuv100 Nxt,488194,https://www.carandbike.com/_next/image?url=https%3A%2F%2Fi.ndtvimg.com%2Fi%2F2017-11%2Fmahindra-kuv100-nxt-review_827x510_71509549407.jpg&w=640&q=75
Maruti Suzuki Swift,519000,https://encrypted-tbn0.gstatic.com/images?q=tbn:ANd9GcQ73wcc-UFCjKw03XKw2e8pPT8fxkEv3gmz7w&s
Tata Altroz,529000,https://www.financialexpress.com/wp-content/uploads/2022/02/Tata-Altroz-Dark-Edition-1.jpg
Tata Tigor,575000,https://parkplus-bkt-img.parkplus.io/production/chariot_staging/public/frontleftside47jpgimage_20230808190131907926.jpg
Tata Zest,582287,https://www.carandbike.com/_next/image?url=https%3A%2F%2Fimages.carandbike.com%2Fcar-images%2Fbig%2Ftata%2Fzest%2Ftata-zest.jpg%3Fv%3D16&w=3840&q=25
Honda Amaze,763000,https://www.hondacarindia.com/_next/image?url=https%3A%2F%2Fwww.hondacarindia.com%2Fweb-data%2Fmodels-mobile%2FreasonToChoose%2Famaze%2FBold-Exterior-Styling.jpg&w=3840&q=75
Maruti Suzuki Gypsy,637343,https://encrypted-tbn0.gstatic.com/images?q=tbn:ANd9GcQabCalDdGTYAuAid5QhPwAXObqw_8EyVCRuQ&s
Hyundai Venue,655000,https://encrypted-tbn0.gstatic.com/images?q=tbn:ANd9GcSlxocZvxrWyuTfvqEGtU4hBu7Px3LAcYeqMA&s
Tata Nexon,695000,https://cdni.autocarindia.com/Utils/ImageResizer.ashx?n=https://cdni.autocarindia.com/ExtraImages/20170727013334_PFD_7141.jpg
Fiat Linea,715860,https://stimg.cardekho.com/images/carexteriorimages/360x240/Fiat/Fiat-Linea/047.jpg
Mahindra Bolero Power Plus,886398,https://encrypted-tbn0.gstatic.com/images?q=tbn:ANd9GcTAdwt90WZM7a6wZGRx714SMi-9HNTwZx0Y5Q&s
Maruti Suzuki Vitara Brezza,762742,https://encrypted-tbn0.gstatic.com/images?q=tbn:ANd9GcQ43iQfn5P3AR3sv1MkQV3M725djFyGEM7ztQ&s
Hyundai I20 Active,774035,https://encrypted-tbn0.gstatic.com/images?q=tbn:ANd9GcSGq8l2ygzvt9QCKNBFqZh0KjEB3k2eZnjwaQ&s
Ford Ecosport,791000,https://encrypted-tbn0.gstatic.com/images?q=tbn:ANd9GcRdmcBFgl7pbznbW8yGGpT56TEwmFZr3u2XxQ&s
Renault Duster,799990,https://encrypted-tbn0.gstatic.com/images?q=tbn:ANd9GcTKmHMd5hnHEoKybyYBXAvEGP5IAgXFPkf-pQ&s
Hyundai Verna,999900,https://www.hyundai.com/content/dam/hyundai/in/en/data/find-a-car/Verna/Exterior/pc/March/top-image.jpg
Mahindra Xuv300,830127,https://spn-sta.spinny.com/blog/20220414231737/Featured-Image-Mahindra-XUV300.jpg?compress=true&quality=80&w=600&dpr=2.6
Renault Lodgy,863299,https://stimg.cardekho.com/images/carexteriorimages/360x240/Renault/Renault-Lodgy/047.jpg
Volkswagen Vento,876500,https://encrypted-tbn0.gstatic.com/images?q=tbn:ANd9GcSaAFuC5MxUqErFbg3ZZn8qIhAIGhH_RYEnFA&s
Mahindra E2O Plus,881425,https://stimg.cardekho.com/images/carexteriorimages/360x240/Mahindra/Mahindra-e2o-Plus/1556194806662/047.jpg
Tata Tigor Ev,960868,https://media.zigcdn.com/media/model/2022/Nov/front-1-4-left-1034360231_930x620.jpg
Honda Brv,952900,https://stimg.cardekho.com/images/carexteriorimages/360x240/Honda/Honda-BR-V/047.jpg
Mahindra Thar,959860,https://encrypted-tbn0.gstatic.com/images?q=tbn:ANd9GcTV4wd9Sr0CT3_kqLl2ELgJWnFR7naxQnN17A&s
Force Gurkha,999000,https://stimg.cardekho.com/images/carexteriorimages/930x620/Force/Gurkha-5-Door/10268/1714390165742/front-left-side-47.jpg
Maruti Suzuki Xl6,984689,https://images.91wheels.com/assets/c_images/gallery/maruti/xl6/maruti-xl6-4-1698124115.jpg?width=420&q=60?w=1080&q=60
Fiat Abarth Avventura Tuv300 Plus,989219,https://imgd.aeplcdn.com/664x374/cw/ec/39470/Mahindra-TUV300-Right-Front-Three-Quarter-155737.jpg?wm=0&q=80
Mahindra Marazzo,999900,https://encrypted-tbn0.gstatic.com/images?q=tbn:ANd9GcTrMbxgxcD4pTsNdyLH11DzGw6SgaF6sLhRAw&s
Mahindra Scorpio,999994,https://encrypted-tbn0.gstatic.com/images?q=tbn:ANd9GcS7MSUG6QcndeHyx0KncxsLz2vMZg5-a0Y-NA&s
Skoda Monte Carlo,1425599,https://encrypted-tbn0.gstatic.com/images?q=tbn:ANd9GcQ-IdQaap91yIx5BSDxCBY95G9TCYxbySxRNg&s
Mahindra Xuv500,1610180,https://encrypted-tbn0.gstatic.com/images?q=tbn:ANd9GcS4Rnr0DbIbjnzhYExWzgoy55W4DWnrHMDheg&s
Mahindra E Verito,1293214,https://encrypted-tbn0.gstatic.com/images?q=tbn:ANd9GcQOIoes3avPl89SY7L9bt8DUaqPo1E0V32qRA&s
Tata Hexa,1639374,https://encrypted-tbn0.gstatic.com/images?q=tbn:ANd9GcQg2eNPfAiPQX-GGne9mRlYrqxSqvSzuGfOXA&s
Toyota Innova Crysta,1605000,https://encrypted-tbn0.gstatic.com/images?q=tbn:ANd9GcQX4bLLLlrNnO-3Gi_wc1wlIXFbFVZQwvj3NA&s
Jeep Compass,1996000,https://encrypted-tbn0.gstatic.com/images?q=tbn:ANd9GcSxWGIuQ1LaVPN4HHVT26LYfvwi7qoYbgAjrg&s
Toyota Corolla Altis,1645000,https://imgd.aeplcdn.com/370x208/ec/60/CA/18036/img/ol/Toyota-Corolla-Altis-Right-Front-Three-Quarter-49081.jpg?v=201711021421&q=80
Honda Civic,1793900,https://cdn.zeebiz.com/sites/default/files/styles/zeebiz_850x478/public/2019/02/13/73961-honda-civic1.JPG?itok=RRZyBgT4
Mg Zs Ev,2088000,https://encrypted-tbn0.gstatic.com/images?q=tbn:ANd9GcSe9n8JwRBYTaSb-PrB8tvGCq3aWhHRKVoXQA&s
Kia Carnival,2495000,https://encrypted-tbn0.gstatic.com/images?q=tbn:ANd9GcR-X3wbIC-wOLcFKieR0gWsCf4p7SqDZdKTHw&s
Skoda Superb,2599599,https://encrypted-tbn0.gstatic.com/images?q=tbn:ANd9GcRWnMZR6kKhqH1e1CGnrB6LEz0HBa-IsReBdg&s
Volvo V40,2769000,https://stimg.cardekho.com/images/carexteriorimages/930x620/Volvo/Volvo-V40/4127/1551160870713/front-left-side-47.jpg
Toyota Fortuner,3205000,https://encrypted-tbn0.gstatic.com/images?q=tbn:ANd9GcQb7bUGGoYSZUR_-UZ0DkEaIDduFmaJjQUixA&s
Ford Endeavour,3470000,https://encrypted-tbn0.gstatic.com/images?q=tbn:ANd9GcRcecfV6-uELV0wPzb4gma5Sl5sn9P76qMAmA&s
Mini Cooper 3 Door,2990000,https://stimg.cardekho.com/images/carexteriorimages/630x420/Mini/3-DOOR/10593/1689937052417/front-left-side-47.jpg?impolicy=resize&imwidth=420
Skoda Kodiaq Scout,3399000,https://encrypted-tbn0.gstatic.com/images?q=tbn:ANd9GcQYoYZ8qa1aGDX5gvDELOmh8KV69BCC7U1PGg&s
Bmw X1,3520000,https://encrypted-tbn0.gstatic.com/images?q=tbn:ANd9GcSL6X1ZsrOr03ftU2bGIq1fKlJTyLWsXJafmg&s
Volvo S60,5602000,https://stimg.cardekho.com/images/carexteriorimages/930x620/Volvo/S60/6466/1611137219406/front-left-side-47.jpg
Bmw 3-Series,4140000,https://encrypted-tbn0.gstatic.com/images?q=tbn:ANd9GcQ2MgMd2x_quPS2WJWv6cem0uvqjJ9g7ZZ_UA&s
Volvo S60 Cross Country,4426500,https://encrypted-tbn0.gstatic.com/images?q=tbn:ANd9GcS070G3rW1Wm3ehHJe-dE44xZMBC0Q-DM4SFg&s
Audi Q5,5021200,https://encrypted-tbn0.gstatic.com/images?q=tbn:ANd9GcQ-bgCCaKInuO8Z-QEHI_re0LWijaPnpLv8FA&s
Land Rover Rover  Evoque,5494000,https://encrypted-tbn0.gstatic.com/images?q=tbn:ANd9GcQJCXrYThKd9bvvEbV3BXHx9y24L1HImEqEwA&s
Mercedes E-Class,5861062,https://www.financialexpress.com/wp-content/uploads/2023/04/Mercedes-Benz-E-Class-2024-1024-01.jpg
Volvo Xc60,5990000,https://cas.volvocars.com/image/dynamic/MY24_2317/536/exterior-v4/RB/62600/R98000/R00A/FN02/TC06/2G03/_/TP05/LR02/JT02/GR08/T101/TJ02/NP02/TM04/JG02/CB04/EV02/JB11/T221/LF05/_/VP07/FH01/_/_/_/_/_/_/default.jpg?market=us&client=gox-graph%7Cpdps&angle=4&w=1920&bg=descriptive-studio
Bmw X4,6060000,https://imgd.aeplcdn.com/664x374/n/cw/ec/163337/x4-exterior-left-front-three-quarter.jpeg?isig=0&q=80
Jeep Wrangler,6394000,https://encrypted-tbn0.gstatic.com/images?q=tbn:ANd9GcT2JBjp8iaRtyn9QsQbEEndnO-IKREAgXfryA&s
Mercedes C-Class Cabriolet,6426497,https://www.carandbike.com/_next/image?url=https%3A%2F%2Fc.ndtvimg.com%2F2018-10%2Fn4ofqmbk_2018-mercedes-benz-c-class-cabriolet-facelift_625x300_27_October_18.jpg&w=3840&q=75
Bmw Z4 Roadster,6490000,https://encrypted-tbn0.gstatic.com/images?q=tbn:ANd9GcR60w2waRtUwFeILWCKQivcE4G4JMrfT2cysQ&s
Mercedes V-Class,6840000,https://encrypted-tbn0.gstatic.com/images?q=tbn:ANd9GcSLshAiMDWjpkPO1CZp12gXp_18CQLqpYRKpQ&s
Audi Q7,7221500,https://encrypted-tbn0.gstatic.com/images?q=tbn:ANd9GcRI3PgqXcdh-7ZyzdYB0pNO-J3S5V4virmpGA&s
 ,7621500,
Land Rover Rover  Evoque Convertible,6952964,https://encrypted-tbn0.gstatic.com/images?q=tbn:ANd9GcT38VAsMn8TiSWYnhoAp06bE3MeWGK7IJtWZA&s
Land Rover Rover Velar,7246802,https://encrypted-tbn0.gstatic.com/images?q=tbn:ANd9GcR138H6j9oQow0ys9xGNt7-GJaL7_fFKWaZ6A&s
Mercedes E-Class All Terrain,7500000,https://imgd.aeplcdn.com/1200x900/cw/ec/36286/MercedesBenz-EClass-All-Terrain-Exterior-137324.jpg?wm=0
Volvo Xc90,8790000,https://encrypted-tbn0.gstatic.com/images?q=tbn:ANd9GcSrFb_SwMtFYo-YTz4QxoOSn78hGl4WluVqdQ&s
Land Rover Rover Sport,20517853,https://encrypted-tbn0.gstatic.com/images?q=tbn:ANd9GcTAZelSuG8_8SYFoCvRbiKKAGEBZIi0Dt_cAw&s
Jaguar Xj,9738609,https://imgd.aeplcdn.com/1920x1080/cw/ec/21686/Jaguar-XJ-L-Front-view-64991.jpg?v=201711021421&q=80&q=80
Porsche Cayenne,15806000,https://encrypted-tbn0.gstatic.com/images?q=tbn:ANd9GcT78XyeRngi1DgB8zv9sePgEY34dtiG6-xG0w&s
Maserati Ghibli,13387856,https://imgd.aeplcdn.com/1920x1080/ec/A4/84/19425/img/ol/Maserati-Ghibli-Left-Front-Three-Quarter-54297.jpg?v=201711021421&q=80&q=80
Toyota Land Cruiser,14699000,https://www.team-bhp.com/sites/default/files/styles/check_extra_large_for_review/public/IMG_20220830_214329.jpg
Audi Rs7,17072000,https://cdn.motor1.com/images/mgl/7ZmbmJ/s3/audi-rs7-by-abt.jpg
Land Rover Range Rover,26037526,https://encrypted-tbn0.gstatic.com/images?q=tbn:ANd9GcStJcpyvnXk3EQNqliV_ZND7da-PaBAApY-oA&usqp=CAU
Maserati Grancabrio,19865675,https://ev-database.org/img/auto/Maserati_GranCabrio_Folgore/Maserati_GranCabrio_Folgore-01@2x.jpg
Mercedes Amg-Gt,21583466,https://imgd.aeplcdn.com/1200x900/n/cw/ec/50450/mercedesbenz-amg-gt-left-front-three-quarter0.jpeg
Mercedes Amg Gt 4-Door Coupe,24200000,https://images.news18.com/ibnlive/uploads/2018/03/2019-mercedes-amg-gt-4-door-coupe.jpg?impolicy=website&width=640&height=480
Lamborghini Huracan,37133704,https://stimg.cardekho.com/images/carexteriorimages/630x420/Lamborghini/Huracan-EVO/10643/1690010999692/front-left-side-47.jpg
Ferrari 488 Gtb,36761413,https://static01.nyt.com/images/2016/08/05/automobiles/autoreviews/driven-ferrari-488gtb/driven-ferrari-488gtb-superJumbo.jpg
Ferrari Gtc4 Lusso,42000000,https://imgd.aeplcdn.com/664x374/cw/ec/24539/Ferrari-GTC4-Lusso-Left-Front-Three-Quarter-78668.jpg?v=201711021421&q=80
Lamborghini Aventador,47893943,https://www.motortrend.com/uploads/sites/5/2020/02/2020-Lamborghini-Aventador-SVJ-Roadster-45.jpg
Rolls Royce Dawn,59216193,https://www.topgear.com/sites/default/files/cars-car/carousel/2016/07/5crrdawnncbgjuly2016.jpg
Rolls Royce Drophead Coupe,83755383,https://hips.hearstapps.com/roa.h-cdn.co/assets/16/08/2048x1152/hd-aspect-1456237573-p90105136-highres-rolls-royce-phantom.jpg?resize=1200:*
Maruti Suzuki Omni,282778,https://www.autovista.in/assets/product_images/Omni_460_1.jpg
Datsun Go+,412292,https://stimg.cardekho.com/images/carexteriorimages/930x620/Datsun/Datsun-GO-Plus/6654/front-left-side-47.jpg
Fiat Punto Evo Pure,482330,https://cdni.autocarindia.com/Utils/ImageResizer.ashx?n=https://cdni.autocarindia.com/Galleries/20140724024408_punto1.jpg&w=736&h=488&q=75&c=1
Ford Figo,523000,https://stimg.cardekho.com/images/carexteriorimages/930x620/Ford/Figo/7594/1627023729889/front-left-side-47.jpg
Maruti Suzuki Baleno,746621,https://catalog-management.s3.ap-south-1.amazonaws.com/htmobile1/marutisuzuki_baleno/images/exterior_marutisuzuki-baleno-facelift_front-left-view_600x337.jpg
Hyundai Grand I10,586428,https://stimg.cardekho.com/images/carexteriorimages/930x620/Hyundai/Grand-i10-Nios/10096/1684298344769/front-left-side-47.jpg
Fiat Linea Classic,751203,https://www.motorbeam.com/wp-content/uploads/Fiat-Linea-Classic-Road-Test-1200x900.jpg
Nissan Sunny,707025,https://goldenbeachrentacar.com/wp-content/uploads/2022/08/nissan-sunny-2023-1-1.jpg
Maruti Suzuki Ertiga,759000,https://cdni.autocarindia.com/Utils/ImageResizer.ashx?n=https://cdni.autocarindia.com/ExtraImages/20240209062839_20230614022817_20230516054223_20220504024007_Ertiga%20ShowroomXX%20_1_.jpg&w=700&c=1
Maruti Suzuki Baleno Rs,788913,https://stimg.cardekho.com/images/carexteriorimages/930x620/Maruti/Maruti-Baleno-RS/6792/1559629717879/front-left-side-47.jpg
Honda Wr-V,1035000,https://stimg.cardekho.com/images/carexteriorimages/930x620/Honda/WR-V/7665/1645419998984/front-left-side-47.jpg
Mahindra Tuv300,854328,https://stimg.cardekho.com/images/carexteriorimages/930x620/Mahindra/TUV-300/7992/1611216754809/3d-model-163.jpg
Maruti Suzuki S-Cross,880689,https://stimg.cardekho.com/images/carexteriorimages/930x620/Maruti/SX4-S-Cross/7525/1596687171065/front-left-side-47.jpg?impolicy=resize&imwidth=420
Renault Captur,949999,https://imgd-ct.aeplcdn.com/1056x660/cw/ec/39217/Renault-Captur-Exterior-153599.jpg?wm=0&q=80
Mahindra Xylo,963037,"https://img.etimg.com/thumb/msid-45832477,width-480,height-360,imgsize-184050,resizemode-75/2015-mahindra-xylo-review.jpg"
Kia Seltos,989000,https://stimg.cardekho.com/images/carexteriorimages/930x620/Kia/Seltos-2023/8709/1688465684023/front-left-side-47.jpg
Nissan Terrano,999900,https://stat.overdrive.in/wp-content/odgallery/2017/06/36049_NissanTerrano-AMT-028.JPG
Tata Safari Storme,1109005,https://imgd.aeplcdn.com/0x0/ec/0E/A2/19197/img/m/Tata-Safari-Storme-facelift-53356_l.jpg?20152406211703&q=75
Mg Hector,1248000,https://www.team-bhp.com/sites/default/files/pictures2023/2023-mg-hector-01.jpg
Tata Nexon Ev,1399000,https://www.team-bhp.com/sites/default/files/pictures2023/2023-mg-hector-01.jpg
Hyundai Elantra,1589000,https://stimg.cardekho.com/images/carexteriorimages/930x620/Hyundai/Elantra/7888/1636975889286/front-left-side-47.jpg
Hyundai Tucson,2079717,https://i.gaw.to/content/photos/59/87/598700-un-premier-coup-d-oeil-au-hyundai-tucson-2025.jpg?1024x640
Volkswagen Passat,3021500,https://stimg2.cardekho.com/images/carNewsimages/userimages/23175/1549600487531/GeneralNews.jpg?tr=w-300
Mercedes A-Class,2785288,https://imgd.aeplcdn.com/1200x900/n/cw/ec/148959/mercedes-benz-a-class-limousine-left-front-three-quarter0.jpeg?isig=0
Volvo V40 Cross Country,3283000,https://img.autoabc.lv/Volvo-V40-Cross-Country/Volvo-V40-Cross-Country_2016_Hecbeks_22311100028_1.jpg
Mini Countryman,3490000,https://www.mini.in/content/dam/MINI/common/Range/2nd-lci/f60/explore/mini-f60-sharing-image.jpg
Mercedes  C-Class,4020000,https://imgd.aeplcdn.com/1920x1080/n/cw/ec/178535/c-class-exterior-left-front-three-quarter-2.jpeg?isig=0&q=80&q=80
Toyota Prius,4509000,https://images.spot.im/v1/production/barxzm98nyzayoglyzmo
Lexus Es,5695000,https://www.lexusindia.co.in/content/dam/lexus-v3-india/model-pages/es/my23/es-divider-1920x800.jpg
Lexus Nx 300H,6060000,https://www.lexusindia.co.in/content/dam/lexus-v3-blueprint/models/suv/nx/nx-300h/my19/gallery/exterior/lexus-nx300h-gallery-ext-01-d.jpg
Jaguar F-Pace,6463780,https://akm-img-a-in.tosshub.com/indiatoday/images/story/202106/Jaguar_F-PACE_SVR_Exterior_01_1200x768.jpeg?size=690:388
Volvo V90 Cross Country,6531000,https://financialexpresswpcontent.s3.amazonaws.com/uploads/2020/11/Volvo-V90_Cross_Country-2020-Facelift-620x413.jpg
Audi A5 Cabriolet,6948200,https://images.spot.im/v1/production/xsa6bjcsv6qvs0vpecxv
Mercedes Gle,7370000,https://imgd.aeplcdn.com/664x374/n/cw/ec/167117/mercedes-benz-gle-right-front-three-quarter17.jpeg?isig=0&wm=1&q=80
Mercedes Cls,8470000,https://stimg.cardekho.com/images/carexteriorimages/930x620/Mercedes-Benz/Mercedes-Benz-CLS-Class/6684/1541421574163/front-left-side-47.jpg
Bmw X7,10490000,https://car-images.bauersecure.com/wp-images/12720/bmwx7_040.jpg
Bmw M4,13590000,https://imgd.aeplcdn.com/1920x1080/n/cw/ec/176129/m4-competition-exterior-left-front-three-quarter.jpeg?isig=0&q=80&q=80
Porsche 911,17420000,"https://hips.hearstapps.com/hmg-prod/images/2025-porsche-911-spied-front-658200b0a3a5d.jpg?crop=0.8888888888888888xw:1xh;center,top&resize=1200:*"
Nissan Gtr,21240272,https://www.cnet.com/a/img/resize/f80bfaed6f4fd576f4e9b38d580812c348c78517/hub/2018/07/02/55eaef81-1834-41e8-a1f8-a2b8561ab3ef/001-2018-nissan-gtr-review.jpg?auto=webp&width=768
 Aston Martin Vantage,29500000,https://stimg.cardekho.com/images/carexteriorimages/930x620/Aston-Martin/Vantage/11671/1713933486248/front-left-side-47.jpg
Aston Martin Rapide,38845823,https://www.astonmartin.com/-/media/aston-martin/imported/rapide-amr/rapide-amr-012-hero.jpg?mw=1920&rev=5b3baffc60ff4897aa8bd3bf93afacc0&hash=C318B1AF6BB47F43A5B96B7BDDE5A9F2
Ferrari 812 Superfast,52000000,https://cdn.ferrari.com/cms/network/media/img/resize/5d36d3bf7e98e13abbbed080-ferrari-812superfast_2017-dynamics-focuson_02_d?
Maruti Suzuki Alto 800 Tour,354235,https://stimg.cardekho.com/images/carexteriorimages/930x620/Maruti/Alto-800-tour/8867/1664261897771/front-left-side-47.jpg
Hyundai Grand I10 Nios,675090,https://imgd-ct.aeplcdn.com/1056x660/n/cw/ec/136183/grand-i10-nios-exterior-right-front-three-quarter-14.jpeg?isig=0&q=80
Hyundai Xcent,643769,https://img.indianautosblog.com/crop/1200x675/2014/03/Hyundai-Xcent-Review-red-front-quarter.jpg
Nissan Micra,662880,https://cdni.autocarindia.com/Utils/ImageResizer.ashx?n=https://cdni.autocarindia.com/autocar/Done%201.jpg&w=700&c=1
Mahindra Bolero,942263,https://images.carandbike.com/car-images/big/mahindra/bolero/mahindra-bolero.jpg?v=29
Maruti Suzuki Ciaz,1102689,https://www.team-bhp.com/sites/default/files/styles/check_extra_large_for_review/public/2_53.jpeg
Skoda Rapid,998599,https://stimg.cardekho.com/images/carexteriorimages/930x620/Skoda/Rapid/8633/1648729171661/front-left-side-47.jpg
Fiat Abarth Punto,980970,https://cdni.autocarindia.com/Utils/ImageResizer.ashx?n=https://cdni.autocarindia.com/Galleries/20150804111904_Front.jpg
Hyundai Creta,999990,https://spn-sta.spinny.com/blog/20220228142605/ezgif.com-gif-maker-100-8.jpg?compress=true&quality=80&w=576&dpr=2.6
Tata Harrier,1345363,https://www.hindustantimes.com/ht-img/img/2023/10/21/550x309/tata_harrier_1697883580838_1697883581005.png
Isuzu Dmax V-Cross,1654783,https://stimg.cardekho.com/images/carexteriorimages/930x620/Isuzu/V-Cross/9892/1714639645161/front-left-side-47.jpg
Mitsubishi Outlander,2693000,https://stimg.cardekho.com/images/carexteriorimages/360x240/Mitsubishi/Mitsubishi-Outlander/047.jpg
Mercedes Gla-Class,3438000,https://stimg.cardekho.com/images/carexteriorimages/930x620/Mercedes-Benz/GLA/7269/1621948227508/front-left-side-47.jpg
Honda Accord Hybrid,4321237,https://www.cnet.com/a/img/resize/1480c73f3c4284a5cdfd492a176db671c44bf63e/hub/2021/02/24/4ea4572d-eacf-4426-8479-48de497c91b7/accord-promo.jpg?auto=webp&width=768
Bmw 5-Series,5930000,https://imgd.aeplcdn.com/664x374/n/cw/ec/96443/5-series-exterior-left-front-three-quarter.jpeg?q=80
Bmw 6-Series,6890000,https://www.bmw.in/content/dam/bmw/common/all-models/6-series/gran-turismo/2021/highlights/bmw-6-series-gran-turismo-gallery-video-design-01.jpg
Porsche Macan,8503000,https://imgd.aeplcdn.com/370x208/n/cw/ec/169463/porsche-macan-left-front-three-quarter0.jpeg?isig=0&q=80
Jaguar F-Type,23659454,https://stimg.cardekho.com/images/carexteriorimages/630x420/Jaguar/F-TYPE/10647/1701249384983/front-left-side-47.jpg?impolicy=resize&imwidth=420
Bmw M5,15490000,https://stimg.cardekho.com/images/carexteriorimages/930x620/BMW/M5/8490/1625142409938/front-left-side-47.jpg
Lexus Lx 570,23290000,https://imgd.aeplcdn.com/664x374/cw/ec/28188/Lexus-LX-Exterior-92765.jpg?v=201711021421&q=80
Ferrari 458 Spider,43367500,https://www.classicdriver.com/sites/default/files/styles/article_full/public/import/articlesv2/images/_de/6835/Ferrari_458_Spider_01pop.jpg?itok=icy7TFn6
Maruti Suzuki Wagon R,479000,https://stimg.cardekho.com/images/carexteriorimages/630x420/Maruti/Wagon-R/10365/1687580655855/front-left-side-47.jpg
Tata Tiago Nrg,594993,https://stat.overdrive.in/wp-content/odgallery/2022/08/63770_2022_Tata_Tiago-NRG_1.jpg
Mahindra Nuvosport,797802,https://auto.economictimes.indiatimes.com/files/retail_files/nuvosport-1503989675-prod-var.jpg
Nissan Kicks,955000,https://stimg.cardekho.com/images/carexteriorimages/930x620/Nissan/Kicks/7832/1647945473430/front-left-side-47.jpg
Hyundai Kona Electric,3788000,https://stimg.cardekho.com/images/carexteriorimages/930x620/Hyundai/Kona/6228/1658735368758/front-left-side-47.jpg
Toyota Camry,6061200,https://stimg.cardekho.com/images/carexteriorimages/930x620/Toyota/Camry/10926/1708690549497/front-left-side-47.jpg?impolicy=resize&imwidth=420
Audi A5,10205494,https://imgd.aeplcdn.com/664x374/cw/ec/31252/Audi-New-A5-Exterior-108808.jpg?v=201711021421&q=80
Land Rover Discovery,9689321,https://media.cdn-jaguarlandrover.com/api/v2/images/96716/w/1600.jpg
Lexus Ls 500H,18736000,https://stimg.cardekho.com/images/carexteriorimages/630x420/Lexus/LS/4924/1622802604706/exterior-image-166.jpg?imwidth=420&impolicy=resize
Rolls Royce Phantom,75400000,https://www.rolls-roycemotorcars.com/content/dam/rrmc/marketUK/rollsroycemotorcars_com/phantom-series-ii-in-detail/page-properties/01_RR_PHANTOM-single-twin-card-min.jpg
Fiat Punto Evo,631292,https://www.team-bhp.com/sites/default/files/styles/amp_high_res/public/fiat-punto-evo-01_1.jpg
Toyota Yaris,1055000,https://stimg.cardekho.com/images/carexteriorimages/930x620/Toyota/Yaris/7281/1577948866044/front-view-118.jpg
Skoda Octavia,1799599,https://imgd.aeplcdn.com/1920x1080/n/cw/ec/40371/octavia-exterior-right-front-three-quarter-4.jpeg?isig=0&q=80&q=80
Mercedes Glc,5775000,https://cdn.motor1.com/images/mgl/KbboO1/s1/2022-mercedes-glc.webp
Porsche Cayenne Coupe,19763000,https://stimg.cardekho.com/images/carexteriorimages/630x420/Porsche/Cayenne-Coupe/9931/1682515216486/front-left-side-47.jpg?imwidth=420&impolicy=resize
Mahindra Verito,772617,https://imgd-ct.aeplcdn.com/664x415/cw/ec/10473/Mahindra-Verito-Left-Front-Three-Quarter-88836.jpg?v=201711021421&q=80
Mitsubishi Pajero Sport,2835500,https://stimg.cardekho.com/images/carexteriorimages/930x620/Mitsubishi/Mitsubishi-Pajero-Sport-2019/6598/1564481928398/front-left-side-47.jpg?impolicy=resize&imwidth=420
Bentley Flying Spur,39382083,https://www.topgear.com/sites/default/files/2023/04/1%20Bentley%20Flying%20Spur%20Speed.jpg
Honda City,1065900,https://stimg.cardekho.com/images/carexteriorimages/930x620/Honda/City/9710/1677914238296/front-left-side-47.jpg
Mitsubishi Montero,,https://imgd.aeplcdn.com/1920x1080/cw/ec/23799/Mitsubishi-Montero-Exterior-74530.jpg?v=201711021421&q=80&q=80
Maruti Suzuki Jimny,,https://www.cnet.com/a/img/resize/8732fcd89d0ed676264a56c0cc0e5727bc1774fc/hub/2018/11/29/b92b85e5-9ac4-44fe-8a8a-a8af7bd51904/ogi1-suzuki-jimny-003.jpg?auto=webp&fit=crop&height=900&width=1200
Mg Gloster ,,https://www.v3cars.com/media/model-imgs/1661927485-2022%20MG%20Gloster.webp
Mg Comet,,https://www.financialexpress.com/wp-content/uploads/2023/04/MG-Comet-EV-review-11-1.jpg
